path,predicted_label
abdu-rahman-2934-unsplash.jpg,class_3
anete-lusina-609858-unsplash.jpg,class_4
cat-mapper-max-ogden-204436-unsplash.jpg,class_8
christian-wright-386668-unsplash.jpg,class_8
e030b20929e90021d85a5854ee454296eb70e3c818b413449df6c87ca3ed_640.jpg,class_3
e030b2092be90021d85a5854ee454296eb70e3c818b413449df6c87ca3ed_640.jpg,class_8
e030b2092ce90021d85a5854ee454296eb70e3c818b413449df6c87ca3ed_640.jpg,class_3
e030b2092de90021d85a5854ee454296eb70e3c818b413449df6c87ca3ed_640.jpg,class_8
e030b20a20e90021d85a5854ee454296eb70e3c818b413449df6c87ca3ed_640.jpg,class_8
e032b10b2df21c22d2524518b7444f92e37fe5d404b0144390f8c07aa5ecb6_640.jpg,class_8
e034b50e29f41c22d2524518b7444f92e37fe5d404b0144390f8c079a4e5b6_640.jpg,class_8
e03db20a21e90021d85a5854ee454296eb70e3c818b413449df1c17ca5e9_640.jpg,class_8
e130b5072af71c22d2524518b7444f92e37fe5d404b0144390f8c078a0eabd_640.jpg,class_8
e130b80b2ef11c22d2524518b7444f92e37fe5d404b0144390f8c07aa4e5b0_640.jpg,class_0
e132b10a2bf51c22d2524518b7444f92e37fe5d404b0144390f8c07aa4e5b0_640.jpg,class_0
e133b10d2bf21c22d2524518b7444f92e37fe5d404b0144390f8c07aa4e5b0_640.jpg,class_4
e133b50c20f01c22d2524518b7444f92e37fe5d404b0144390f8c078a0eabd_640.jpg,class_8
e135b0062efc1c22d2524518b7444f92e37fe5d404b0144390f8c07aa4e5b0_640.jpg,class_8
e13cb60a2bf31c22d2524518b7444f92e37fe5d404b0144390f8c078a0eabd_640.jpg,class_8
e13cb60a2bfc1c22d2524518b7444f92e37fe5d404b0144390f8c078a1ebb2_640.jpg,class_3
e830b10b2df5003ed1584d05fb1d4e9fe777ead218ac104497f5c978a6eab2b0_640.jpg,class_9
e830b2062dfc023ed1584d05fb1d4e9fe777ead218ac104497f5c97ca5ecb5b1_640.jpg,class_8
e830b4062ff3053ed1584d05fb1d4e9fe777ead218ac104497f5c978a6eab2b0_640.jpg,class_3
e830b40e2ffc023ed1584d05fb1d4e9fe777ead218ac104497f5c979aee4b1bf_640.jpg,class_5
e830b5072df2063ed1584d05fb1d4e9fe777ead218ac104497f5c97ca5ecb3b9_640.jpg,class_8
e830b5082ff6013ed1584d05fb1d4e9fe777ead218ac104497f5c978a6ebb3bf_640.jpg,class_8
e830b60820f1063ed1584d05fb1d4e9fe777ead218ac104497f5c97ca5ecb3b9_640.jpg,class_8
e830b8062ff2023ed1584d05fb1d4e9fe777ead218ac104497f5c978a4eebdbd_640.jpg,class_1
e830b90728f4033ed1584d05fb1d4e9fe777ead218ac104497f5c978a6ebb3bf_640.jpg,class_8
e830b90d2bfc053ed1584d05fb1d4e9fe777ead218ac104497f5c978a7eebdbb_640.jpg,class_8
e830b90f20f5043ed1584d05fb1d4e9fe777ead218ac104497f5c97ca5ecb5b1_640.jpg,class_8
e831b0092bf1023ed1584d05fb1d4e9fe777ead218ac104497f5c97ca5ecb3b9_640.jpg,class_8
e831b00c2ef3093ed1584d05fb1d4e9fe777ead218ac104497f5c97faee9bdba_640.jpg,class_8
e831b30a28f21c22d2524518b7444f92e37fe5d404b0144390f8c770a3e5b7_640.jpg,class_7
e831b30c2ef6063ed1584d05fb1d4e9fe777ead218ac104497f5c978a6ebb3bf_640.jpg,class_8
e831b4082cf0063ed1584d05fb1d4e9fe777ead218ac104497f5c978a4eebdbd_640.jpg,class_8
e831b40a2cf2093ed1584d05fb1d4e9fe777ead218ac104497f5c978a7eebdbb_640.jpg,class_8
e832b00a2df11c22d2524518b7444f92e37fe5d404b0144390f8c770a2e9b5_640.jpg,class_8
e832b00d29f7013ed1584d05fb1d4e9fe777ead218ac104497f5c97ca5ecb5b1_640.jpg,class_6
e832b10c2ef41c22d2524518b7444f92e37fe5d404b0144390f8c078a1ebb2_640.jpg,class_8
e832b10d2ef7013ed1584d05fb1d4e9fe777ead218ac104497f5c97ca5ecb3b9_640.jpg,class_0
e832b40821fc1c22d2524518b7444f92e37fe5d404b0144390f8c07aa5ecb6_640.jpg,class_0
e832b4082df5003ed1584d05fb1d4e9fe777ead218ac104497f5c97faee9bdba_640.jpg,class_3
e832b40a20f61c22d2524518b7444f92e37fe5d404b0144390f8c47ba6edbc_640.jpg,class_8
e832b6092bf4023ed1584d05fb1d4e9fe777ead218ac104497f5c978a6eab2b0_640.jpg,class_6
e832b60d2ff2083ed1584d05fb1d4e9fe777ead218ac104497f5c97ca5edb3bd_640.jpg,class_8
e832b60d2ff3023ed1584d05fb1d4e9fe777ead218ac104497f5c97ca5ecb3b9_640.jpg,class_8
e832b7092ff6033ed1584d05fb1d4e9fe777ead218ac104497f5c978a6eab2b0_640.jpg,class_8
e832b70c2bf3073ed1584d05fb1d4e9fe777ead218ac104497f5c978a6ebb3bf_640.jpg,class_8
e833b10728f7033ed1584d05fb1d4e9fe777ead218ac104497f5c978a6eab2b0_640.jpg,class_3
e833b10a2dfd073ed1584d05fb1d4e9fe777ead218ac104497f5c978a6eab2b0_640.jpg,class_8
e833b10a2dfd093ed1584d05fb1d4e9fe777ead218ac104497f5c978a6eab2b0_640.jpg,class_4
e833b20820f4073ed1584d05fb1d4e9fe777ead218ac104497f5c97ca5ecb5b1_640.jpg,class_8
e833b20b2bf2083ed1584d05fb1d4e9fe777ead218ac104497f5c978a7eebdbb_640.jpg,class_5
e833b4062ef1023ed1584d05fb1d4e9fe777ead218ac104497f5c978a4eebdbd_640.jpg,class_8
e833b40a28fd093ed1584d05fb1d4e9fe777ead218ac104497f5c97faee9bdba_640.jpg,class_3
e833b40a2ff6053ed1584d05fb1d4e9fe777ead218ac104497f5c97faee9bdba_640.jpg,class_8
e833b40d20f6033ed1584d05fb1d4e9fe777ead218ac104497f5c978a7eebdbb_640.jpg,class_8
e833b40e28f01c22d2524518b7444f92e37fe5d404b0144390f8c770a1edb6_640.jpg,class_8
e833b5092bf0013ed1584d05fb1d4e9fe777ead218ac104497f5c97ca5edb3bd_640.jpg,class_8
e833b50b29fc083ed1584d05fb1d4e9fe777ead218ac104497f5c97faee9bdba_640.jpg,class_8
e833b80b2ff5053ed1584d05fb1d4e9fe777ead218ac104497f5c978a6eab2b0_640.jpg,class_8
e833b80c2afc003ed1584d05fb1d4e9fe777ead218ac104497f5c978a4eebdbd_640.jpg,class_8
e833b80c2afc033ed1584d05fb1d4e9fe777ead218ac104497f5c978a4efbcb0_640.jpg,class_8
e833b80f21f11c22d2524518b7444f92e37fe5d404b0144390f8c079a1e8b6_640.jpg,class_0
e834b00921f11c22d2524518b7444f92e37fe5d404b0144390f8c07aa5ecb6_640.jpg,class_0
e834b20f28fd003ed1584d05fb1d4e9fe777ead218ac104497f5c978a4eebdbd_640.jpg,class_0
e834b3072af6033ed1584d05fb1d4e9fe777ead218ac104497f5c978a6eab2b0_640.jpg,class_8
e834b3082ef2073ed1584d05fb1d4e9fe777ead218ac104497f5c97faee9bdba_640.jpg,class_8
e834b40c21f3053ed1584d05fb1d4e9fe777ead218ac104497f5c97ca5ecb5b1_640.jpg,class_8
e834b50721fd083ed1584d05fb1d4e9fe777ead218ac104497f5c978a6eab2b0_640.jpg,class_8
e834b60f29f4063ed1584d05fb1d4e9fe777ead218ac104497f5c978a4efbcb0_640.jpg,class_8
e834b60f29f4093ed1584d05fb1d4e9fe777ead218ac104497f5c978a4efb4bb_640.jpg,class_8
e834b60f29f5013ed1584d05fb1d4e9fe777ead218ac104497f5c978a4eebdbd_640.jpg,class_8
e834b70e2efc063ed1584d05fb1d4e9fe777ead218ac104497f5c97ca5ecb3b9_640.jpg,class_3
e835b2082bf7093ed1584d05fb1d4e9fe777ead218ac104497f5c978a4eebdbd_640.jpg,class_4
e835b20b29f0083ed1584d05fb1d4e9fe777ead218ac104497f5c978a6eab2b0_640.jpg,class_8
e835b20b2bf7093ed1584d05fb1d4e9fe777ead218ac104497f5c97ca5ecb3b9_640.jpg,class_8
e835b20b2bfc033ed1584d05fb1d4e9fe777ead218ac104497f5c978a4efbcb0_640.jpg,class_8
e835b20c2cf6013ed1584d05fb1d4e9fe777ead218ac104497f5c978a4efbcb0_640.jpg,class_4
e835b30d2ef0063ed1584d05fb1d4e9fe777ead218ac104497f5c978a6eab2b0_640.jpg,class_6
e835b4082cf2043ed1584d05fb1d4e9fe777ead218ac104497f5c978a4eebdbd_640.jpg,class_8
e835b4082ff2093ed1584d05fb1d4e9fe777ead218ac104497f5c97faee9bdba_640.jpg,class_8
e835b50b21f5053ed1584d05fb1d4e9fe777ead218ac104497f5c978a7e8b7bc_640.jpg,class_8
e835b80d2df4093ed1584d05fb1d4e9fe777ead218ac104497f5c978a4efb4bb_640.jpg,class_4
e835b90929f21c22d2524518b7444f92e37fe5d404b0144390f8c770a3e5b7_640.jpg,class_8
e835b90e21f1013ed1584d05fb1d4e9fe777ead218ac104497f5c978a6ebb3bf_640.jpg,class_0
e835b90e2ff0083ed1584d05fb1d4e9fe777ead218ac104497f5c978a4eebdbd_640.jpg,class_0
e836b10a2ef5023ed1584d05fb1d4e9fe777ead218ac104497f5c978a6eab2b0_640.jpg,class_8
e836b20b21f3013ed1584d05fb1d4e9fe777ead218ac104497f5c978a7eebdbb_640.jpg,class_8
e836b30d2df1003ed1584d05fb1d4e9fe777ead218ac104497f5c978a4eebdbd_640.jpg,class_4
e836b40c2af2073ed1584d05fb1d4e9fe777ead218ac104497f5c978a6e8b0b1_640.jpg,class_5
e836b80729fd083ed1584d05fb1d4e9fe777ead218ac104497f5c978a6ebb3bf_640.jpg,class_7
e837b10620fd073ed1584d05fb1d4e9fe777ead218ac104497f5c978a4eebdbd_640.jpg,class_0
e837b10a2af2013ed1584d05fb1d4e9fe777ead218ac104497f5c978a4efb4bb_640.jpg,class_8
e837b10f2df7083ed1584d05fb1d4e9fe777ead218ac104497f5c978a6eab2b0_640.jpg,class_8
e837b20c2cf71c22d2524518b7444f92e37fe5d404b0144390f8c079a1e8b6_640.jpg,class_8
e837b30920f3023ed1584d05fb1d4e9fe777ead218ac104497f5c97faee9bdba_640.jpg,class_9
e837b5092af3093ed1584d05fb1d4e9fe777ead218ac104497f5c978a4eebdbd_640.jpg,class_8
e837b9082af1053ed1584d05fb1d4e9fe777ead218ac104497f5c97ca5ecb3b9_640.jpg,class_8
e837b90a29fd083ed1584d05fb1d4e9fe777ead218ac104497f5c978a4eebdbd_640.jpg,class_0
e837b90b2afc043ed1584d05fb1d4e9fe777ead218ac104497f5c978a4eebdbd_640.jpg,class_4
e83cb0062ff5073ed1584d05fb1d4e9fe777ead218ac104497f5c97ca5ecb3b9_640.jpg,class_8
e83cb00a2bf0053ed1584d05fb1d4e9fe777ead218ac104497f5c97ca5ecb3b9_640.jpg,class_8
e83cb00a2ef1053ed1584d05fb1d4e9fe777ead218ac104497f5c978a4efbcb0_640.jpg,class_4
e83cb10620f2073ed1584d05fb1d4e9fe777ead218ac104497f5c978a4eebdbd_640.jpg,class_0
e83cb20721f3093ed1584d05fb1d4e9fe777ead218ac104497f5c97faeebb5bb_640.jpg,class_8
e83cb2072af51c22d2524518b7444f92e37fe5d404b0144390f8c078a2e8bc_640.jpg,class_4
e83cb20a28f2023ed1584d05fb1d4e9fe777ead218ac104497f5c97ca5ecb3b9_640.jpg,class_5
e83cb3082df5043ed1584d05fb1d4e9fe777ead218ac104497f5c978a4efbcb0_640.jpg,class_8
e83cb40728f1073ed1584d05fb1d4e9fe777ead218ac104497f5c97ca5ecb3b9_640.jpg,class_8
e83cb4072bf21c22d2524518b7444f92e37fe5d404b0144390f8c47ba7ebb0_640.jpg,class_3
e83cb50f2cfc063ed1584d05fb1d4e9fe777ead218ac104497f5c978a7eebdbb_640.jpg,class_8
e83cb60c2df1033ed1584d05fb1d4e9fe777ead218ac104497f5c978a6eab2b0_640.jpg,class_0
e83cb80d29f0013ed1584d05fb1d4e9fe777ead218ac104497f5c978a7eebdbb_640.jpg,class_8
e83db20a2ff1093ed1584d05fb1d4e9fe777ead218ac104497f5c978a6eab2b0_640.jpg,class_8
e83db3082bfd1c22d2524518b7444f92e37fe5d404b0144390f8c47ba7ebb0_640.jpg,class_8
e83db30d2cfd033ed1584d05fb1d4e9fe777ead218ac104497f5c978a4efb4bb_640.jpg,class_6
e83db30d2cfd053ed1584d05fb1d4e9fe777ead218ac104497f5c978a4efbcb0_640.jpg,class_0
e83db30d2df6053ed1584d05fb1d4e9fe777ead218ac104497f5c978a4eebdbd_640.jpg,class_0
e83db30d2df7053ed1584d05fb1d4e9fe777ead218ac104497f5c978a4eebdbd_640.jpg,class_8
e83db30d2ef7083ed1584d05fb1d4e9fe777ead218ac104497f5c978a4efb4bb_640.jpg,class_8
e83db4072cf1063ed1584d05fb1d4e9fe777ead218ac104497f5c97ca5ecb3b9_640.jpg,class_8
e83db40e2af5003ed1584d05fb1d4e9fe777ead218ac104497f5c978a6eab2b0_640.jpg,class_8
e83db50920f4013ed1584d05fb1d4e9fe777ead218ac104497f5c978a4eebdbd_640.jpg,class_9
e83db6082cf7013ed1584d05fb1d4e9fe777ead218ac104497f5c978a6ebb3bf_640.jpg,class_8
e83db7072bf7043ed1584d05fb1d4e9fe777ead218ac104497f5c978a6eab2b0_640.jpg,class_0
e83db70828f1053ed1584d05fb1d4e9fe777ead218ac104497f5c978a6eab2b0_640.jpg,class_4
e83db70d28f31c22d2524518b7444f92e37fe5d404b0144390f8c770a2e9b5_640.jpg,class_8
e83db70f21fc033ed1584d05fb1d4e9fe777ead218ac104497f5c978a4efbcb0_640.jpg,class_8
e83db80628f01c22d2524518b7444f92e37fe5d404b0144390f8c47ba6edbc_640.jpg,class_8
e83db90a21f4053ed1584d05fb1d4e9fe777ead218ac104497f5c97ca5ecb3b9_640.jpg,class_8
ea30b0062af21c22d2524518b7444f92e37fe5d404b0144390f8c079a4e5b6_640.jpg,class_8
ea30b50a2afc1c22d2524518b7444f92e37fe5d404b0144390f8c770a3e5b7_640.jpg,class_8
ea31b30e2ef41c22d2524518b7444f92e37fe5d404b0144390f8c770a2e9b5_640.jpg,class_8
ea31b40921f51c22d2524518b7444f92e37fe5d404b0144390f8c078a0eabd_640.jpg,class_8
ea31b90820fc1c22d2524518b7444f92e37fe5d404b0144390f8c47ba6ebb4_640.jpg,class_8
ea31b90821f41c22d2524518b7444f92e37fe5d404b0144390f8c47ba6ebb4_640.jpg,class_8
ea32b6062af31c22d2524518b7444f92e37fe5d404b0144390f8c770a1edb6_640.jpg,class_1
ea33b20c2cf11c22d2524518b7444f92e37fe5d404b0144390f8c770a1edb6_640.jpg,class_8
ea34b00c2df5023ed1584d05fb1d4e9fe777ead218ac104497f5c978a7eebdbb_640.jpg,class_5
ea34b00d29f5083ed1584d05fb1d4e9fe777ead218ac104497f5c978a7ebb0bb_640.jpg,class_4
ea34b00d2ef4053ed1584d05fb1d4e9fe777ead218ac104497f5c978a7ebb0bb_640.jpg,class_5
ea34b00f2ff5033ed1584d05fb1d4e9fe777ead218ac104497f5c978a7ebb0bb_640.jpg,class_8
ea34b1092af5023ed1584d05fb1d4e9fe777ead218ac104497f5c978a7eebdbb_640.jpg,class_8
ea34b1092bfd013ed1584d05fb1d4e9fe777ead218ac104497f5c97ca5edb3bd_640.jpg,class_8
ea34b1092cf3023ed1584d05fb1d4e9fe777ead218ac104497f5c978a7e8b7bc_640.jpg,class_8
ea34b10a2ff1003ed1584d05fb1d4e9fe777ead218ac104497f5c978a4efb4bb_640.jpg,class_0
ea34b10b21f5083ed1584d05fb1d4e9fe777ead218ac104497f5c978a4efb4bb_640.jpg,class_8
ea34b10c2ff2013ed1584d05fb1d4e9fe777ead218ac104497f5c97ca5ecb5b1_640.jpg,class_8
ea34b10f2cfc043ed1584d05fb1d4e9fe777ead218ac104497f5c97ca5edb3bd_640.jpg,class_8
ea34b20a2bf4003ed1584d05fb1d4e9fe777ead218ac104497f5c978a7e8b7bc_640.jpg,class_8
ea34b20a2bf4083ed1584d05fb1d4e9fe777ead218ac104497f5c978a7ebb0bb_640.jpg,class_0
ea34b20a2cf4043ed1584d05fb1d4e9fe777ead218ac104497f5c978a4efb4bb_640.jpg,class_0
ea34b20b2ef5053ed1584d05fb1d4e9fe777ead218ac104497f5c97ca5ecb5b1_640.jpg,class_5
ea34b20c2dfd033ed1584d05fb1d4e9fe777ead218ac104497f5c978a7e8b7bc_640.jpg,class_8
ea34b20c2ef6013ed1584d05fb1d4e9fe777ead218ac104497f5c978a7e8b7bc_640.jpg,class_5
ea34b20e21f1073ed1584d05fb1d4e9fe777ead218ac104497f5c978a7ebb0bb_640.jpg,class_0
ea34b20e29fc1c22d2524518b7444f92e37fe5d404b0144390f8c47ba7ebb0_640.jpg,class_8
ea34b3082bf7073ed1584d05fb1d4e9fe777ead218ac104497f5c97faeebb5bb_640.jpg,class_4
ea34b3092cf5073ed1584d05fb1d4e9fe777ead218ac104497f5c97ca5edb3bd_640.jpg,class_8
ea34b30b2bf4063ed1584d05fb1d4e9fe777ead218ac104497f5c978a7ebb0bb_640.jpg,class_8
ea34b30e2cf3043ed1584d05fb1d4e9fe777ead218ac104497f5c978a4efbcb0_640.jpg,class_8
ea34b30f29f5063ed1584d05fb1d4e9fe777ead218ac104497f5c97ca5edb3bd_640.jpg,class_8
ea34b40628f2043ed1584d05fb1d4e9fe777ead218ac104497f5c97faee8b1b8_640.jpg,class_8
ea34b4062cf6043ed1584d05fb1d4e9fe777ead218ac104497f5c97ca5edb3bd_640.jpg,class_7
ea34b4072bf0033ed1584d05fb1d4e9fe777ead218ac104497f5c978a7eebdbb_640.jpg,class_8
ea34b4072efd003ed1584d05fb1d4e9fe777ead218ac104497f5c97faeebb5bb_640.jpg,class_4
ea34b40a2ef7003ed1584d05fb1d4e9fe777ead218ac104497f5c97faeebb5bb_640.jpg,class_8
ea34b40a2ff1053ed1584d05fb1d4e9fe777ead218ac104497f5c978a7e8b7bc_640.jpg,class_5
ea34b40b28f4043ed1584d05fb1d4e9fe777ead218ac104497f5c978a7ebb0bb_640.jpg,class_5
ea34b5072afd003ed1584d05fb1d4e9fe777ead218ac104497f5c978a7eebdbb_640.jpg,class_8
ea34b50c2bf1083ed1584d05fb1d4e9fe777ead218ac104497f5c978a6e8b0b1_640.jpg,class_0
ea34b60820f6043ed1584d05fb1d4e9fe777ead218ac104497f5c978a7e8b7bc_640.jpg,class_8
ea34b6082af0083ed1584d05fb1d4e9fe777ead218ac104497f5c978a4efb4bb_640.jpg,class_0
ea34b6082ef7073ed1584d05fb1d4e9fe777ead218ac104497f5c978a6ebb3bf_640.jpg,class_5
ea34b60d20f3033ed1584d05fb1d4e9fe777ead218ac104497f5c97faeebb5bb_640.jpg,class_8
ea34b60e21f5043ed1584d05fb1d4e9fe777ead218ac104497f5c97faeebb5bb_640.jpg,class_8
ea34b7062af1053ed1584d05fb1d4e9fe777ead218ac104497f5c978a7ebb0bb_640.jpg,class_8
ea34b70729f3093ed1584d05fb1d4e9fe777ead218ac104497f5c97ca5edb3bd_640.jpg,class_8
ea34b70829f0093ed1584d05fb1d4e9fe777ead218ac104497f5c97ca5edb3bd_640.jpg,class_8
ea34b7082cf41c22d2524518b7444f92e37fe5d404b0144390f8c770a2e9b5_640.jpg,class_8
ea34b70a21f1053ed1584d05fb1d4e9fe777ead218ac104497f5c978a7ebb0bb_640.jpg,class_8
ea34b70a2bf0013ed1584d05fb1d4e9fe777ead218ac104497f5c978a7e8b7bc_640.jpg,class_8
ea34b70e2efc053ed1584d05fb1d4e9fe777ead218ac104497f5c97faeebb5bb_640.jpg,class_8
ea34b70f2cf3003ed1584d05fb1d4e9fe777ead218ac104497f5c97ca5edb3bd_640.jpg,class_8
ea34b80620f5013ed1584d05fb1d4e9fe777ead218ac104497f5c978a7ebb0bb_640.jpg,class_8
ea34b80629f5013ed1584d05fb1d4e9fe777ead218ac104497f5c978a6ebb3bf_640.jpg,class_8
ea34b80920f7093ed1584d05fb1d4e9fe777ead218ac104497f5c97faee8b1b8_640.jpg,class_4
ea34b8092df3003ed1584d05fb1d4e9fe777ead218ac104497f5c97ca5edb3bd_640.jpg,class_8
ea34b80b2cfc093ed1584d05fb1d4e9fe777ead218ac104497f5c97faee8b1b8_640.jpg,class_3
ea34b80c20f1093ed1584d05fb1d4e9fe777ead218ac104497f5c978a7e8b7bc_640.jpg,class_8
ea34b80c2cf2013ed1584d05fb1d4e9fe777ead218ac104497f5c97ca5edb3bd_640.jpg,class_8
ea34b9062cf5003ed1584d05fb1d4e9fe777ead218ac104497f5c978a6ebb3bf_640.jpg,class_0
ea34b90728f2093ed1584d05fb1d4e9fe777ead218ac104497f5c978a6ebb3bf_640.jpg,class_4
ea34b90b21f7063ed1584d05fb1d4e9fe777ead218ac104497f5c978a4efb4bb_640.jpg,class_8
ea34b90b28fd093ed1584d05fb1d4e9fe777ead218ac104497f5c97faee8b1b8_640.jpg,class_3
ea34b90b29f7053ed1584d05fb1d4e9fe777ead218ac104497f5c97faee8b1b8_640.jpg,class_3
ea34b90b29fd073ed1584d05fb1d4e9fe777ead218ac104497f5c97faeebb5bb_640.jpg,class_8
ea34b90b2bf7063ed1584d05fb1d4e9fe777ead218ac104497f5c97faee9bdba_640.jpg,class_3
ea34b90c28f4013ed1584d05fb1d4e9fe777ead218ac104497f5c978a7ebb0bb_640.jpg,class_8
ea34b90c2ff7003ed1584d05fb1d4e9fe777ead218ac104497f5c978a7e8b7bc_640.jpg,class_8
ea34b90e20f1063ed1584d05fb1d4e9fe777ead218ac104497f5c97faeebb5bb_640.jpg,class_8
ea34b90e20f6073ed1584d05fb1d4e9fe777ead218ac104497f5c97faee9bdba_640.jpg,class_3
ea34b90e2ef0063ed1584d05fb1d4e9fe777ead218ac104497f5c97ca5edb3bd_640.jpg,class_0
ea34b90e2ef0073ed1584d05fb1d4e9fe777ead218ac104497f5c97ca5edb3bd_640.jpg,class_3
ea34b90e2ffd093ed1584d05fb1d4e9fe777ead218ac104497f5c978a7ebb0bb_640.jpg,class_0
ea34b90f2efc013ed1584d05fb1d4e9fe777ead218ac104497f5c978a7e8b7bc_640.jpg,class_8
ea34b90f2efd083ed1584d05fb1d4e9fe777ead218ac104497f5c978a7ebb0bb_640.jpg,class_8
ea35b0082df7033ed1584d05fb1d4e9fe777ead218ac104497f5c978a7ebb0bb_640.jpg,class_8
ea35b00d2cf7043ed1584d05fb1d4e9fe777ead218ac104497f5c97ca5edb3bd_640.jpg,class_8
ea35b00d2df5043ed1584d05fb1d4e9fe777ead218ac104497f5c978a7eebdbb_640.jpg,class_4
ea35b10a2ff61c22d2524518b7444f92e37fe5d404b0144390f8c079a4e5b6_640.jpg,class_4
ea35b10c2cf7053ed1584d05fb1d4e9fe777ead218ac104497f5c978a7ebb0bb_640.jpg,class_5
ea35b10f29f1013ed1584d05fb1d4e9fe777ead218ac104497f5c97ca5edb3bd_640.jpg,class_3
ea35b10f2bf5073ed1584d05fb1d4e9fe777ead218ac104497f5c978a7e8b7bc_640.jpg,class_5
ea35b2072af1053ed1584d05fb1d4e9fe777ead218ac104497f5c978a7e8b7bc_640.jpg,class_8
ea35b20929f4023ed1584d05fb1d4e9fe777ead218ac104497f5c97ca5ecb5b1_640.jpg,class_8
ea35b20a2bf7023ed1584d05fb1d4e9fe777ead218ac104497f5c978a4efb4bb_640.jpg,class_8
ea35b20a2bf7053ed1584d05fb1d4e9fe777ead218ac104497f5c978a4efbcb0_640.jpg,class_8
ea35b20a2bf7063ed1584d05fb1d4e9fe777ead218ac104497f5c978a4efbcb0_640.jpg,class_0
ea35b30a20f2073ed1584d05fb1d4e9fe777ead218ac104497f5c978a6e8b0b1_640.jpg,class_5
ea35b30d2ffd013ed1584d05fb1d4e9fe777ead218ac104497f5c978a4efbcb0_640.jpg,class_4
ea35b30e2ff5033ed1584d05fb1d4e9fe777ead218ac104497f5c978a4eebdbd_640.jpg,class_0
ea35b40628f3043ed1584d05fb1d4e9fe777ead218ac104497f5c978a7ebb0bb_640.jpg,class_8
ea35b40a2af4083ed1584d05fb1d4e9fe777ead218ac104497f5c97ca5ecb5b1_640.jpg,class_8
ea35b40a2af6073ed1584d05fb1d4e9fe777ead218ac104497f5c97ca5edb3bd_640.jpg,class_8
ea35b40b2ff7073ed1584d05fb1d4e9fe777ead218ac104497f5c97faee9bdba_640.jpg,class_8
ea35b40c2cf0013ed1584d05fb1d4e9fe777ead218ac104497f5c97ca5ecb5b1_640.jpg,class_5
ea35b40e2cfd043ed1584d05fb1d4e9fe777ead218ac104497f5c97ca5ecb5b1_640.jpg,class_8
ea35b40f2ef6013ed1584d05fb1d4e9fe777ead218ac104497f5c97faeebb5bb_640.jpg,class_3
ea35b5082af4013ed1584d05fb1d4e9fe777ead218ac104497f5c978a4efbcb0_640.jpg,class_8
ea35b50d2df2093ed1584d05fb1d4e9fe777ead218ac104497f5c978a6ebb3bf_640.jpg,class_0
ea35b50f2bf0043ed1584d05fb1d4e9fe777ead218ac104497f5c978a7ebb0bb_640.jpg,class_5
ea35b60821f5083ed1584d05fb1d4e9fe777ead218ac104497f5c978a4efb4bb_640.jpg,class_8
ea35b6092cfd043ed1584d05fb1d4e9fe777ead218ac104497f5c978a7ebb0bb_640.jpg,class_8
ea35b6092ef2003ed1584d05fb1d4e9fe777ead218ac104497f5c97ca5ecb5b1_640.jpg,class_8
ea35b60a2ff7073ed1584d05fb1d4e9fe777ead218ac104497f5c978a4efbcb0_640.jpg,class_5
ea35b60c21f4073ed1584d05fb1d4e9fe777ead218ac104497f5c97ca5ecb5b1_640.jpg,class_8
ea35b60d20f3013ed1584d05fb1d4e9fe777ead218ac104497f5c97ca5edb3bd_640.jpg,class_8
ea35b60e21fd063ed1584d05fb1d4e9fe777ead218ac104497f5c978a7e8b7bc_640.jpg,class_8
ea35b60e2bfc043ed1584d05fb1d4e9fe777ead218ac104497f5c978a4efbcb0_640.jpg,class_6
ea35b70721f4023ed1584d05fb1d4e9fe777ead218ac104497f5c978a7ebb0bb_640.jpg,class_5
ea35b7072bf5043ed1584d05fb1d4e9fe777ead218ac104497f5c97ca5ecb5b1_640.jpg,class_8
ea35b7072bfc033ed1584d05fb1d4e9fe777ead218ac104497f5c978a6ebb3bf_640.jpg,class_8
ea35b7082bf2003ed1584d05fb1d4e9fe777ead218ac104497f5c97ca5edb3bd_640.jpg,class_5
ea35b7082bfc013ed1584d05fb1d4e9fe777ead218ac104497f5c97ca5ecb5b1_640.jpg,class_8
ea35b70c2af2053ed1584d05fb1d4e9fe777ead218ac104497f5c97ca5edb3bd_640.jpg,class_8
ea35b70c2af6003ed1584d05fb1d4e9fe777ead218ac104497f5c97ca5ecb5b1_640.jpg,class_8
ea35b70d21f2073ed1584d05fb1d4e9fe777ead218ac104497f5c978a7e8b7bc_640.jpg,class_8
ea35b70d2ef0063ed1584d05fb1d4e9fe777ead218ac104497f5c978a7eebdbb_640.jpg,class_8
ea35b70e2efc053ed1584d05fb1d4e9fe777ead218ac104497f5c978a7e8b7bc_640.jpg,class_8
ea35b70e2ff3073ed1584d05fb1d4e9fe777ead218ac104497f5c978a7e8b7bc_640.jpg,class_8
ea35b70f20f2023ed1584d05fb1d4e9fe777ead218ac104497f5c978a6eab2b0_640.jpg,class_0
ea35b70f2bf2083ed1584d05fb1d4e9fe777ead218ac104497f5c97ca5ecb5b1_640.jpg,class_5
ea35b70f2ff0063ed1584d05fb1d4e9fe777ead218ac104497f5c978a6e8b0b1_640.jpg,class_8
ea35b80a2ef1043ed1584d05fb1d4e9fe777ead218ac104497f5c97faeebb5bb_640.jpg,class_8
ea35b80c28f3003ed1584d05fb1d4e9fe777ead218ac104497f5c978a4efbcb0_640.jpg,class_8
ea35b80c28f3013ed1584d05fb1d4e9fe777ead218ac104497f5c978a4efbcb0_640.jpg,class_0
ea35b80c2df2073ed1584d05fb1d4e9fe777ead218ac104497f5c978a4efbcb0_640.jpg,class_4
ea35b80d2cf6013ed1584d05fb1d4e9fe777ead218ac104497f5c978a6ebb3bf_640.jpg,class_8
ea35b9082bf5053ed1584d05fb1d4e9fe777ead218ac104497f5c978a4efbcb0_640.jpg,class_8
ea35b90a2cf4093ed1584d05fb1d4e9fe777ead218ac104497f5c978a4eebdbd_640.jpg,class_8
ea35b90b29fd073ed1584d05fb1d4e9fe777ead218ac104497f5c978a4efb4bb_640.jpg,class_8
ea35b90f21f2073ed1584d05fb1d4e9fe777ead218ac104497f5c978a7e8b7bc_640.jpg,class_8
ea35b90f21f3043ed1584d05fb1d4e9fe777ead218ac104497f5c978a6e8b0b1_640.jpg,class_8
ea36b0062af0023ed1584d05fb1d4e9fe777ead218ac104497f5c978a7e8b7bc_640.jpg,class_8
ea36b00729fc033ed1584d05fb1d4e9fe777ead218ac104497f5c97faee8b1b8_640.jpg,class_3
ea36b0072ef6053ed1584d05fb1d4e9fe777ead218ac104497f5c97faee8b1b8_640.jpg,class_4
ea36b00829f0043ed1584d05fb1d4e9fe777ead218ac104497f5c97faee9bdba_640.jpg,class_8
ea36b00829f1033ed1584d05fb1d4e9fe777ead218ac104497f5c978a7e8b7bc_640.jpg,class_8
ea36b00829f2013ed1584d05fb1d4e9fe777ead218ac104497f5c978a7eebdbb_640.jpg,class_8
ea36b00b2ff6043ed1584d05fb1d4e9fe777ead218ac104497f5c978a4efb4bb_640.jpg,class_8
ea36b00c21f3073ed1584d05fb1d4e9fe777ead218ac104497f5c978a7ebb0bb_640.jpg,class_8
ea36b00e20f1013ed1584d05fb1d4e9fe777ead218ac104497f5c978a4efb4bb_640.jpg,class_1
ea36b00f2ffd083ed1584d05fb1d4e9fe777ead218ac104497f5c978a7ebb0bb_640.jpg,class_4
ea36b1072df6073ed1584d05fb1d4e9fe777ead218ac104497f5c97faee8b1b8_640.jpg,class_0
ea36b1072df7013ed1584d05fb1d4e9fe777ead218ac104497f5c97faee8b1b8_640.jpg,class_8
ea36b10821f31c22d2524518b7444f92e37fe5d404b0144390f8c078a2e8bc_640.jpg,class_3
ea36b10821f6043ed1584d05fb1d4e9fe777ead218ac104497f5c97faee9bdba_640.jpg,class_8
ea36b1082cf4023ed1584d05fb1d4e9fe777ead218ac104497f5c978a7e8b7bc_640.jpg,class_8
ea36b1082cf4063ed1584d05fb1d4e9fe777ead218ac104497f5c978a7eebdbb_640.jpg,class_0
ea36b1082cf4073ed1584d05fb1d4e9fe777ead218ac104497f5c978a7ebb0bb_640.jpg,class_8
ea36b10920f7093ed1584d05fb1d4e9fe777ead218ac104497f5c978a4efb4bb_640.jpg,class_5
ea36b10928fd013ed1584d05fb1d4e9fe777ead218ac104497f5c97faeebb5bb_640.jpg,class_8
ea36b10a29f4083ed1584d05fb1d4e9fe777ead218ac104497f5c978a6e8b0b1_640.jpg,class_0
ea36b10a2af0053ed1584d05fb1d4e9fe777ead218ac104497f5c978a4efb4bb_640.jpg,class_8
ea36b10a2bf5063ed1584d05fb1d4e9fe777ead218ac104497f5c978a6ebb3bf_640.jpg,class_0
ea36b10a2bf5093ed1584d05fb1d4e9fe777ead218ac104497f5c978a6e8b0b1_640.jpg,class_9
ea36b10b20f3003ed1584d05fb1d4e9fe777ead218ac104497f5c978a7eebdbb_640.jpg,class_5
ea36b10b2df3043ed1584d05fb1d4e9fe777ead218ac104497f5c97faee9bdba_640.jpg,class_3
ea36b10b2df3053ed1584d05fb1d4e9fe777ead218ac104497f5c97faee9bdba_640.jpg,class_0
ea36b10b2df3073ed1584d05fb1d4e9fe777ead218ac104497f5c97faee9bdba_640.jpg,class_3
ea36b10c20fd073ed1584d05fb1d4e9fe777ead218ac104497f5c97faee8b1b8_640.jpg,class_3
ea36b10c2cf1023ed1584d05fb1d4e9fe777ead218ac104497f5c978a7eebdbb_640.jpg,class_8
ea36b10c2cf1053ed1584d05fb1d4e9fe777ead218ac104497f5c978a7e8b7bc_640.jpg,class_8
ea36b10c2cf1073ed1584d05fb1d4e9fe777ead218ac104497f5c978a7e8b7bc_640.jpg,class_7
ea36b10d21f6053ed1584d05fb1d4e9fe777ead218ac104497f5c97faee8b1b8_640.jpg,class_3
ea36b10d2af4063ed1584d05fb1d4e9fe777ead218ac104497f5c97faeebb5bb_640.jpg,class_8
ea36b10d2df3023ed1584d05fb1d4e9fe777ead218ac104497f5c978a6e8b0b1_640.jpg,class_8
ea36b10d2df3043ed1584d05fb1d4e9fe777ead218ac104497f5c978a6e8b0b1_640.jpg,class_3
ea36b10e29fc073ed1584d05fb1d4e9fe777ead218ac104497f5c978a7e8b7bc_640.jpg,class_8
ea36b10f21f3083ed1584d05fb1d4e9fe777ead218ac104497f5c978a7eebdbb_640.jpg,class_0
ea36b10f2af6043ed1584d05fb1d4e9fe777ead218ac104497f5c97faee8b1b8_640.jpg,class_8
ea36b10f2afd063ed1584d05fb1d4e9fe777ead218ac104497f5c97ca5edb3bd_640.jpg,class_8
ea36b20621f0013ed1584d05fb1d4e9fe777ead218ac104497f5c978a6e8b0b1_640.jpg,class_8
ea36b20621f7003ed1584d05fb1d4e9fe777ead218ac104497f5c97faee8b1b8_640.jpg,class_3
ea36b2062cf1043ed1584d05fb1d4e9fe777ead218ac104497f5c978a7eebdbb_640.jpg,class_8
ea36b20828f6063ed1584d05fb1d4e9fe777ead218ac104497f5c978a7eebdbb_640.jpg,class_8
ea36b2092df3083ed1584d05fb1d4e9fe777ead218ac104497f5c979aee4b1bf_640.jpg,class_8
ea36b2092ffc013ed1584d05fb1d4e9fe777ead218ac104497f5c978a7eebdbb_640.jpg,class_8
ea36b20b28f2063ed1584d05fb1d4e9fe777ead218ac104497f5c978a7e8b7bc_640.jpg,class_8
ea36b20b28f6073ed1584d05fb1d4e9fe777ead218ac104497f5c97faee9bdba_640.jpg,class_8
ea36b20b2ff5013ed1584d05fb1d4e9fe777ead218ac104497f5c97faee8b1b8_640.jpg,class_8
ea36b20c28f3083ed1584d05fb1d4e9fe777ead218ac104497f5c978a7ebb0bb_640.jpg,class_8
ea36b20c28f4043ed1584d05fb1d4e9fe777ead218ac104497f5c978a7e8b7bc_640.jpg,class_8
ea36b20c29f3083ed1584d05fb1d4e9fe777ead218ac104497f5c97faee9bdba_640.jpg,class_8
ea36b20d2bf6083ed1584d05fb1d4e9fe777ead218ac104497f5c97faeebb5bb_640.jpg,class_8
ea36b20e20f5023ed1584d05fb1d4e9fe777ead218ac104497f5c97faee9bdba_640.jpg,class_3
ea36b20e29f1083ed1584d05fb1d4e9fe777ead218ac104497f5c97faee8b1b8_640.jpg,class_8
ea36b20e2cf2093ed1584d05fb1d4e9fe777ead218ac104497f5c978a7e8b7bc_640.jpg,class_7
ea36b20f20f1033ed1584d05fb1d4e9fe777ead218ac104497f5c978a7e8b7bc_640.jpg,class_8
ea36b20f2ef5093ed1584d05fb1d4e9fe777ead218ac104497f5c978a7e8b7bc_640.jpg,class_8
ea36b20f2ff7023ed1584d05fb1d4e9fe777ead218ac104497f5c97ca5edb3bd_640.jpg,class_8
ea36b30828f4033ed1584d05fb1d4e9fe777ead218ac104497f5c978a7e8b7bc_640.jpg,class_4
ea36b30921f3053ed1584d05fb1d4e9fe777ead218ac104497f5c978a4efb4bb_640.jpg,class_3
ea36b30928f7003ed1584d05fb1d4e9fe777ead218ac104497f5c978a7e8b7bc_640.jpg,class_8
ea36b3092afd093ed1584d05fb1d4e9fe777ead218ac104497f5c97ca5edb3bd_640.jpg,class_8
ea36b30a20f0033ed1584d05fb1d4e9fe777ead218ac104497f5c97faee9bdba_640.jpg,class_8
ea36b30a21f3043ed1584d05fb1d4e9fe777ead218ac104497f5c978a4efb4bb_640.jpg,class_8
ea36b30a2af3053ed1584d05fb1d4e9fe777ead218ac104497f5c978a4efb4bb_640.jpg,class_4
ea36b30a2bf5033ed1584d05fb1d4e9fe777ead218ac104497f5c978a4efb4bb_640.jpg,class_8
ea36b30a2ff2013ed1584d05fb1d4e9fe777ead218ac104497f5c978a7e8b7bc_640.jpg,class_5
ea36b30b21f0093ed1584d05fb1d4e9fe777ead218ac104497f5c97faee8b1b8_640.jpg,class_0
ea36b30c2ef2053ed1584d05fb1d4e9fe777ead218ac104497f5c97faee8b1b8_640.jpg,class_8
ea36b30e29fc033ed1584d05fb1d4e9fe777ead218ac104497f5c978a7e8b7bc_640.jpg,class_0
ea36b30e2cfd093ed1584d05fb1d4e9fe777ead218ac104497f5c978a6e8b0b1_640.jpg,class_8
ea36b40821f7053ed1584d05fb1d4e9fe777ead218ac104497f5c97ca5edb3bd_640.jpg,class_8
ea36b4082df01c22d2524518b7444f92e37fe5d404b0144390f8c07aa4e5b0_640.jpg,class_3
ea36b4092bf0003ed1584d05fb1d4e9fe777ead218ac104497f5c978a4efb4bb_640.jpg,class_8
ea36b4092ef6083ed1584d05fb1d4e9fe777ead218ac104497f5c97ca5edb3bd_640.jpg,class_8
ea36b4092ef7013ed1584d05fb1d4e9fe777ead218ac104497f5c97ca5edb3bd_640.jpg,class_8
ea36b40a21f6043ed1584d05fb1d4e9fe777ead218ac104497f5c97faee9bdba_640.jpg,class_3
ea36b40a2af4073ed1584d05fb1d4e9fe777ead218ac104497f5c97ca5edb3bd_640.jpg,class_8
ea36b40a2ff0063ed1584d05fb1d4e9fe777ead218ac104497f5c97faeebb5bb_640.jpg,class_8
ea36b40c28f0003ed1584d05fb1d4e9fe777ead218ac104497f5c978a7eebdbb_640.jpg,class_3
ea36b40c28f2033ed1584d05fb1d4e9fe777ead218ac104497f5c97ca5edb3bd_640.jpg,class_8
ea36b40c29f4083ed1584d05fb1d4e9fe777ead218ac104497f5c97ca5edb3bd_640.jpg,class_8
ea36b40d20f0033ed1584d05fb1d4e9fe777ead218ac104497f5c978a7eebdbb_640.jpg,class_8
ea36b40d2ef5053ed1584d05fb1d4e9fe777ead218ac104497f5c97faee9bdba_640.jpg,class_8
ea36b40f2bfd033ed1584d05fb1d4e9fe777ead218ac104497f5c97faee9bdba_640.jpg,class_8
ea36b40f2ef5013ed1584d05fb1d4e9fe777ead218ac104497f5c978a7e8b7bc_640.jpg,class_8
ea36b50720f6043ed1584d05fb1d4e9fe777ead218ac104497f5c97ca5edb3bd_640.jpg,class_8
ea36b50721f0053ed1584d05fb1d4e9fe777ead218ac104497f5c978a6e8b0b1_640.jpg,class_5
ea36b50721f1073ed1584d05fb1d4e9fe777ead218ac104497f5c978a6e8b0b1_640.jpg,class_0
ea36b50821fd093ed1584d05fb1d4e9fe777ead218ac104497f5c978a6ebb3bf_640.jpg,class_0
ea36b50828fd013ed1584d05fb1d4e9fe777ead218ac104497f5c97faee9bdba_640.jpg,class_3
ea36b50928fc023ed1584d05fb1d4e9fe777ead218ac104497f5c97ca5edb3bd_640.jpg,class_8
ea36b50a29f4003ed1584d05fb1d4e9fe777ead218ac104497f5c978a7e8b7bc_640.jpg,class_0
ea36b50a2ef1063ed1584d05fb1d4e9fe777ead218ac104497f5c97faee9bdba_640.jpg,class_8
ea36b50b2ff6073ed1584d05fb1d4e9fe777ead218ac104497f5c978a7ebb0bb_640.jpg,class_8
ea36b50c2af0013ed1584d05fb1d4e9fe777ead218ac104497f5c97faee8b1b8_640.jpg,class_8
ea36b50c2df3023ed1584d05fb1d4e9fe777ead218ac104497f5c97faee8b1b8_640.jpg,class_3
ea36b50e2ef5033ed1584d05fb1d4e9fe777ead218ac104497f5c978a6e8b0b1_640.jpg,class_8
ea36b50e2ef5093ed1584d05fb1d4e9fe777ead218ac104497f5c978a6e8b0b1_640.jpg,class_5
ea36b50f2df4063ed1584d05fb1d4e9fe777ead218ac104497f5c978a7eebdbb_640.jpg,class_8
ea36b60721fd093ed1584d05fb1d4e9fe777ead218ac104497f5c97faee9bdba_640.jpg,class_8
ea36b60a2bf2053ed1584d05fb1d4e9fe777ead218ac104497f5c978a4efb4bb_640.jpg,class_8
ea36b60a2bf6063ed1584d05fb1d4e9fe777ead218ac104497f5c978a6e8b0b1_640.jpg,class_8
ea36b60b21f5033ed1584d05fb1d4e9fe777ead218ac104497f5c97faee9bdba_640.jpg,class_8
ea36b60b2af3003ed1584d05fb1d4e9fe777ead218ac104497f5c978a7eebdbb_640.jpg,class_0
ea36b60b2af3073ed1584d05fb1d4e9fe777ead218ac104497f5c979aee4b1bf_640.jpg,class_5
ea36b60b2bf4063ed1584d05fb1d4e9fe777ead218ac104497f5c978a7eebdbb_640.jpg,class_5
ea36b60b2bf4083ed1584d05fb1d4e9fe777ead218ac104497f5c97faee9bdba_640.jpg,class_8
ea36b60b2cf5093ed1584d05fb1d4e9fe777ead218ac104497f5c978a7eebdbb_640.jpg,class_8
ea36b60b2cf6033ed1584d05fb1d4e9fe777ead218ac104497f5c978a7eebdbb_640.jpg,class_5
ea36b60c20f7033ed1584d05fb1d4e9fe777ead218ac104497f5c978a7eebdbb_640.jpg,class_8
ea36b60c2af1043ed1584d05fb1d4e9fe777ead218ac104497f5c97faee9bdba_640.jpg,class_3
ea36b60c2cf7083ed1584d05fb1d4e9fe777ead218ac104497f5c979aee4b1bf_640.jpg,class_8
ea36b60d21f0093ed1584d05fb1d4e9fe777ead218ac104497f5c978a7eebdbb_640.jpg,class_4
ea36b60e2af1083ed1584d05fb1d4e9fe777ead218ac104497f5c978a7eebdbb_640.jpg,class_8
ea36b60e2ef4033ed1584d05fb1d4e9fe777ead218ac104497f5c97faee9bdba_640.jpg,class_3
ea36b60f21f7003ed1584d05fb1d4e9fe777ead218ac104497f5c97ca5edb3bd_640.jpg,class_8
ea36b60f2af4013ed1584d05fb1d4e9fe777ead218ac104497f5c97faee9bdba_640.jpg,class_3
ea36b70629f6063ed1584d05fb1d4e9fe777ead218ac104497f5c978a7eebdbb_640.jpg,class_8
ea36b7072ef5003ed1584d05fb1d4e9fe777ead218ac104497f5c97faee9bdba_640.jpg,class_8
ea36b7072ff0013ed1584d05fb1d4e9fe777ead218ac104497f5c97faee9bdba_640.jpg,class_8
ea36b7072ff0073ed1584d05fb1d4e9fe777ead218ac104497f5c97faeebb5bb_640.jpg,class_8
ea36b7072ff7063ed1584d05fb1d4e9fe777ead218ac104497f5c97faee8b1b8_640.jpg,class_8
ea36b7082bf7093ed1584d05fb1d4e9fe777ead218ac104497f5c978a4efb4bb_640.jpg,class_8
ea36b7082ef6043ed1584d05fb1d4e9fe777ead218ac104497f5c97faee8b1b8_640.jpg,class_3
ea36b7092af5073ed1584d05fb1d4e9fe777ead218ac104497f5c97ca5edb3bd_640.jpg,class_8
ea36b70c20f3093ed1584d05fb1d4e9fe777ead218ac104497f5c978a4efb4bb_640.jpg,class_8
ea36b70c21f4023ed1584d05fb1d4e9fe777ead218ac104497f5c978a4efb4bb_640.jpg,class_8
ea36b70c21f4033ed1584d05fb1d4e9fe777ead218ac104497f5c978a4efb4bb_640.jpg,class_8
ea36b70c2cfd043ed1584d05fb1d4e9fe777ead218ac104497f5c978a6e8b0b1_640.jpg,class_8
ea36b70d2af1033ed1584d05fb1d4e9fe777ead218ac104497f5c978a7e8b7bc_640.jpg,class_4
ea36b70e21f1023ed1584d05fb1d4e9fe777ead218ac104497f5c978a7eebdbb_640.jpg,class_8
ea36b70f2bf1093ed1584d05fb1d4e9fe777ead218ac104497f5c97ca5edb3bd_640.jpg,class_8
ea36b70f2bfd063ed1584d05fb1d4e9fe777ead218ac104497f5c979aee4b1bf_640.jpg,class_0
ea36b80b28f41c22d2524518b7444f92e37fe5d404b0144390f8c079a4e5b6_640.jpg,class_5
ea36b90c2cf3013ed1584d05fb1d4e9fe777ead218ac104497f5c97faee9bdba_640.jpg,class_3
ea36b90c2cf3053ed1584d05fb1d4e9fe777ead218ac104497f5c97faee9bdba_640.jpg,class_8
ea36b90c2ef6013ed1584d05fb1d4e9fe777ead218ac104497f5c978a7eebdbb_640.jpg,class_0
ea36b90d2bf1033ed1584d05fb1d4e9fe777ead218ac104497f5c978a4efb4bb_640.jpg,class_8
ea36b90d2cf5093ed1584d05fb1d4e9fe777ead218ac104497f5c97faee9bdba_640.jpg,class_8
ea36b90d2cf6013ed1584d05fb1d4e9fe777ead218ac104497f5c97faee9bdba_640.jpg,class_8
ea36b90d2df3083ed1584d05fb1d4e9fe777ead218ac104497f5c978a4efb4bb_640.jpg,class_8
ea36b90d2ff1093ed1584d05fb1d4e9fe777ead218ac104497f5c97faee9bdba_640.jpg,class_8
ea37b00629f3033ed1584d05fb1d4e9fe777ead218ac104497f5c978a6e8b0b1_640.jpg,class_8
ea37b0062bfc093ed1584d05fb1d4e9fe777ead218ac104497f5c97faeebb5bb_640.jpg,class_8
ea37b00720f1043ed1584d05fb1d4e9fe777ead218ac104497f5c97faeebb5bb_640.jpg,class_8
ea37b0072bf1043ed1584d05fb1d4e9fe777ead218ac104497f5c978a6ebb3bf_640.jpg,class_8
ea37b0072ff4063ed1584d05fb1d4e9fe777ead218ac104497f5c978a7ebb0bb_640.jpg,class_8
ea37b0082af3013ed1584d05fb1d4e9fe777ead218ac104497f5c978a6e8b0b1_640.jpg,class_8
ea37b0082bf0093ed1584d05fb1d4e9fe777ead218ac104497f5c97faee8b1b8_640.jpg,class_8
ea37b0092df5083ed1584d05fb1d4e9fe777ead218ac104497f5c97faee8b1b8_640.jpg,class_8
ea37b00a2ff6043ed1584d05fb1d4e9fe777ead218ac104497f5c978a7ebb0bb_640.jpg,class_8
ea37b00b28f3043ed1584d05fb1d4e9fe777ead218ac104497f5c978a7eebdbb_640.jpg,class_0
ea37b00c21f2023ed1584d05fb1d4e9fe777ead218ac104497f5c978a7ebb0bb_640.jpg,class_8
ea37b00d28f6033ed1584d05fb1d4e9fe777ead218ac104497f5c978a7ebb0bb_640.jpg,class_8
ea37b00f21f0003ed1584d05fb1d4e9fe777ead218ac104497f5c97faee8b1b8_640.jpg,class_3
ea37b00f28f1023ed1584d05fb1d4e9fe777ead218ac104497f5c978a7ebb0bb_640.jpg,class_5
ea37b10720f3083ed1584d05fb1d4e9fe777ead218ac104497f5c978a6e8b0b1_640.jpg,class_8
ea37b1072cf5033ed1584d05fb1d4e9fe777ead218ac104497f5c978a7eebdbb_640.jpg,class_8
ea37b10821f5093ed1584d05fb1d4e9fe777ead218ac104497f5c978a4efbcb0_640.jpg,class_4
ea37b1082bfc043ed1584d05fb1d4e9fe777ead218ac104497f5c978a7ebb0bb_640.jpg,class_8
ea37b1082bfc093ed1584d05fb1d4e9fe777ead218ac104497f5c97faee9bdba_640.jpg,class_8
ea37b1082cf6063ed1584d05fb1d4e9fe777ead218ac104497f5c97faeebb5bb_640.jpg,class_3
ea37b10a20f0043ed1584d05fb1d4e9fe777ead218ac104497f5c97ca5edb3bd_640.jpg,class_8
ea37b10a21f5003ed1584d05fb1d4e9fe777ead218ac104497f5c97faee9bdba_640.jpg,class_8
ea37b10a28f7093ed1584d05fb1d4e9fe777ead218ac104497f5c97faee9bdba_640.jpg,class_8
ea37b10a2cfd023ed1584d05fb1d4e9fe777ead218ac104497f5c97faeebb5bb_640.jpg,class_8
ea37b10d20f7053ed1584d05fb1d4e9fe777ead218ac104497f5c97ca5edb3bd_640.jpg,class_8
ea37b10d28fc043ed1584d05fb1d4e9fe777ead218ac104497f5c97faeebb5bb_640.jpg,class_0
ea37b10d2bf4073ed1584d05fb1d4e9fe777ead218ac104497f5c97faee8b1b8_640.jpg,class_3
ea37b10e21f2013ed1584d05fb1d4e9fe777ead218ac104497f5c97ca5ecb5b1_640.jpg,class_8
ea37b10e21fd003ed1584d05fb1d4e9fe777ead218ac104497f5c97faeebb5bb_640.jpg,class_0
ea37b2062ff4073ed1584d05fb1d4e9fe777ead218ac104497f5c978a7ebb0bb_640.jpg,class_5
ea37b2062ff4083ed1584d05fb1d4e9fe777ead218ac104497f5c978a7ebb0bb_640.jpg,class_8
ea37b2072bf6083ed1584d05fb1d4e9fe777ead218ac104497f5c97faeebb5bb_640.jpg,class_4
ea37b20829f0093ed1584d05fb1d4e9fe777ead218ac104497f5c978a7e8b7bc_640.jpg,class_5
ea37b20920f5033ed1584d05fb1d4e9fe777ead218ac104497f5c97faeebb5bb_640.jpg,class_8
ea37b20c20f5053ed1584d05fb1d4e9fe777ead218ac104497f5c97faee9bdba_640.jpg,class_3
ea37b20c2df6043ed1584d05fb1d4e9fe777ead218ac104497f5c978a4efb4bb_640.jpg,class_0
ea37b20d2df3053ed1584d05fb1d4e9fe777ead218ac104497f5c978a7ebb0bb_640.jpg,class_8
ea37b20e2ff5033ed1584d05fb1d4e9fe777ead218ac104497f5c97faeebb5bb_640.jpg,class_3
ea37b20f2ef01c22d2524518b7444f92e37fe5d404b0144390f8c078a1ebb2_640.jpg,class_9
ea37b30929f6093ed1584d05fb1d4e9fe777ead218ac104497f5c97faee9bdba_640.jpg,class_8
ea37b3092df1073ed1584d05fb1d4e9fe777ead218ac104497f5c97faeebb5bb_640.jpg,class_8
ea37b3092df3043ed1584d05fb1d4e9fe777ead218ac104497f5c97faee8b1b8_640.jpg,class_8
ea37b30a29f0093ed1584d05fb1d4e9fe777ead218ac104497f5c978a4efb4bb_640.jpg,class_0
ea37b30d28fd003ed1584d05fb1d4e9fe777ead218ac104497f5c97faee8b1b8_640.jpg,class_5
ea37b30e2dfc023ed1584d05fb1d4e9fe777ead218ac104497f5c978a4efb4bb_640.jpg,class_8
ea37b30f2af3083ed1584d05fb1d4e9fe777ead218ac104497f5c97faeebb5bb_640.jpg,class_3
ea37b40721f7003ed1584d05fb1d4e9fe777ead218ac104497f5c978a7ebb0bb_640.jpg,class_8
ea37b40729f2073ed1584d05fb1d4e9fe777ead218ac104497f5c978a7e8b7bc_640.jpg,class_8
ea37b4072bfc013ed1584d05fb1d4e9fe777ead218ac104497f5c978a6e8b0b1_640.jpg,class_4
ea37b4082af1023ed1584d05fb1d4e9fe777ead218ac104497f5c978a7ebb0bb_640.jpg,class_8
ea37b4082bf3093ed1584d05fb1d4e9fe777ead218ac104497f5c978a7e8b7bc_640.jpg,class_8
ea37b40b2cf0073ed1584d05fb1d4e9fe777ead218ac104497f5c97faeebb5bb_640.jpg,class_8
ea37b40b2cf3003ed1584d05fb1d4e9fe777ead218ac104497f5c978a7eebdbb_640.jpg,class_5
ea37b40b2ef5013ed1584d05fb1d4e9fe777ead218ac104497f5c978a6e8b0b1_640.jpg,class_8
ea37b40b2ef6053ed1584d05fb1d4e9fe777ead218ac104497f5c97faee8b1b8_640.jpg,class_8
ea37b40d20fd023ed1584d05fb1d4e9fe777ead218ac104497f5c97faee9bdba_640.jpg,class_3
ea37b40d2af0093ed1584d05fb1d4e9fe777ead218ac104497f5c978a7e8b7bc_640.jpg,class_1
ea37b40d2af1003ed1584d05fb1d4e9fe777ead218ac104497f5c978a7eebdbb_640.jpg,class_8
ea37b40d2bfd073ed1584d05fb1d4e9fe777ead218ac104497f5c97faeebb5bb_640.jpg,class_4
ea37b40d2ffd093ed1584d05fb1d4e9fe777ead218ac104497f5c978a4efb4bb_640.jpg,class_8
ea37b40e2cf4003ed1584d05fb1d4e9fe777ead218ac104497f5c978a6e8b0b1_640.jpg,class_3
ea37b50628f1033ed1584d05fb1d4e9fe777ead218ac104497f5c97faee8b1b8_640.jpg,class_8
ea37b50628f1073ed1584d05fb1d4e9fe777ead218ac104497f5c97faee8b1b8_640.jpg,class_8
ea37b50628fd053ed1584d05fb1d4e9fe777ead218ac104497f5c97faeebb5bb_640.jpg,class_8
ea37b5092dfd033ed1584d05fb1d4e9fe777ead218ac104497f5c97faee8b1b8_640.jpg,class_8
ea37b5092ff6013ed1584d05fb1d4e9fe777ead218ac104497f5c978a6ebb3bf_640.jpg,class_8
ea37b50a29f2053ed1584d05fb1d4e9fe777ead218ac104497f5c978a6e8b0b1_640.jpg,class_8
ea37b50b2ff1003ed1584d05fb1d4e9fe777ead218ac104497f5c97faee9bdba_640.jpg,class_8
ea37b50c2ff6093ed1584d05fb1d4e9fe777ead218ac104497f5c97faee8b1b8_640.jpg,class_8
ea37b50d2bf0063ed1584d05fb1d4e9fe777ead218ac104497f5c97faee9bdba_640.jpg,class_8
ea37b50d2ff1073ed1584d05fb1d4e9fe777ead218ac104497f5c978a7ebb0bb_640.jpg,class_0
ea37b60628f2053ed1584d05fb1d4e9fe777ead218ac104497f5c978a7eebdbb_640.jpg,class_8
ea37b60629f6083ed1584d05fb1d4e9fe777ead218ac104497f5c97faee8b1b8_640.jpg,class_8
ea37b6062ffd043ed1584d05fb1d4e9fe777ead218ac104497f5c97faee8b1b8_640.jpg,class_8
ea37b60928f6003ed1584d05fb1d4e9fe777ead218ac104497f5c978a4efb4bb_640.jpg,class_8
ea37b6092cf5053ed1584d05fb1d4e9fe777ead218ac104497f5c978a4efbcb0_640.jpg,class_8
ea37b60a29f4083ed1584d05fb1d4e9fe777ead218ac104497f5c978a4efb4bb_640.jpg,class_8
ea37b60c2ffc033ed1584d05fb1d4e9fe777ead218ac104497f5c978a7e8b7bc_640.jpg,class_8
ea37b60c2ffc083ed1584d05fb1d4e9fe777ead218ac104497f5c978a7eebdbb_640.jpg,class_0
ea37b60d2bf7043ed1584d05fb1d4e9fe777ead218ac104497f5c97faee8b1b8_640.jpg,class_8
ea37b60d2cf2063ed1584d05fb1d4e9fe777ead218ac104497f5c978a6e8b0b1_640.jpg,class_8
ea37b60e29f3093ed1584d05fb1d4e9fe777ead218ac104497f5c97faeebb5bb_640.jpg,class_8
ea37b60e2af6083ed1584d05fb1d4e9fe777ead218ac104497f5c97faeebb5bb_640.jpg,class_8
ea37b60f2ef2083ed1584d05fb1d4e9fe777ead218ac104497f5c97faee8b1b8_640.jpg,class_8
ea37b60f2ef6043ed1584d05fb1d4e9fe777ead218ac104497f5c978a7eebdbb_640.jpg,class_0
ea37b7062ff2043ed1584d05fb1d4e9fe777ead218ac104497f5c978a7eebdbb_640.jpg,class_4
ea37b70728f0063ed1584d05fb1d4e9fe777ead218ac104497f5c97faeebb5bb_640.jpg,class_8
ea37b7082dfd033ed1584d05fb1d4e9fe777ead218ac104497f5c978a7eebdbb_640.jpg,class_8
ea37b7082dfd053ed1584d05fb1d4e9fe777ead218ac104497f5c978a7eebdbb_640.jpg,class_5
ea37b70b20fd003ed1584d05fb1d4e9fe777ead218ac104497f5c97faeebb5bb_640.jpg,class_8
ea37b70c2af4093ed1584d05fb1d4e9fe777ead218ac104497f5c978a6e8b0b1_640.jpg,class_8
ea37b70c2af5043ed1584d05fb1d4e9fe777ead218ac104497f5c978a6e8b0b1_640.jpg,class_4
ea37b70c2df2023ed1584d05fb1d4e9fe777ead218ac104497f5c978a7e8b7bc_640.jpg,class_8
ea37b70d2df1093ed1584d05fb1d4e9fe777ead218ac104497f5c978a7ebb0bb_640.jpg,class_8
ea37b70e28fd023ed1584d05fb1d4e9fe777ead218ac104497f5c978a7e8b7bc_640.jpg,class_8
ea37b70f2bf2013ed1584d05fb1d4e9fe777ead218ac104497f5c978a7ebb0bb_640.jpg,class_8
ea37b80629f0063ed1584d05fb1d4e9fe777ead218ac104497f5c978a7ebb0bb_640.jpg,class_8
ea37b80629f1013ed1584d05fb1d4e9fe777ead218ac104497f5c978a7ebb0bb_640.jpg,class_8
ea37b80629f7023ed1584d05fb1d4e9fe777ead218ac104497f5c97ca5edb3bd_640.jpg,class_8
ea37b8062af6073ed1584d05fb1d4e9fe777ead218ac104497f5c97faee8b1b8_640.jpg,class_8
ea37b8062afd053ed1584d05fb1d4e9fe777ead218ac104497f5c97faee8b1b8_640.jpg,class_8
ea37b80921f1023ed1584d05fb1d4e9fe777ead218ac104497f5c978a7e8b7bc_640.jpg,class_7
ea37b80a28f6083ed1584d05fb1d4e9fe777ead218ac104497f5c97faee8b1b8_640.jpg,class_8
ea37b80a2cf3033ed1584d05fb1d4e9fe777ead218ac104497f5c978a6e8b0b1_640.jpg,class_8
ea37b80b2ef2023ed1584d05fb1d4e9fe777ead218ac104497f5c97faeebb5bb_640.jpg,class_8
ea37b80b2ef7063ed1584d05fb1d4e9fe777ead218ac104497f5c978a7eebdbb_640.jpg,class_8
ea37b80b2ff4053ed1584d05fb1d4e9fe777ead218ac104497f5c97faee8b1b8_640.jpg,class_8
ea37b80c2ff5083ed1584d05fb1d4e9fe777ead218ac104497f5c97faee8b1b8_640.jpg,class_8
ea37b80d20f0043ed1584d05fb1d4e9fe777ead218ac104497f5c978a7ebb0bb_640.jpg,class_4
ea37b80d2ff1033ed1584d05fb1d4e9fe777ead218ac104497f5c978a4efb4bb_640.jpg,class_6
ea37b80e28f0093ed1584d05fb1d4e9fe777ead218ac104497f5c97faeebb5bb_640.jpg,class_4
ea37b80f2bf1013ed1584d05fb1d4e9fe777ead218ac104497f5c97ca5edb3bd_640.jpg,class_8
ea37b80f2bf6073ed1584d05fb1d4e9fe777ead218ac104497f5c97faee8b1b8_640.jpg,class_8
ea37b9072af4013ed1584d05fb1d4e9fe777ead218ac104497f5c978a7eebdbb_640.jpg,class_8
ea37b9072af7043ed1584d05fb1d4e9fe777ead218ac104497f5c97ca5edb3bd_640.jpg,class_8
ea37b9072bf1033ed1584d05fb1d4e9fe777ead218ac104497f5c97faee9bdba_640.jpg,class_8
ea37b90821f0013ed1584d05fb1d4e9fe777ead218ac104497f5c97ca5edb3bd_640.jpg,class_8
ea37b90821fd023ed1584d05fb1d4e9fe777ead218ac104497f5c978a7eebdbb_640.jpg,class_4
ea37b90a2cf2093ed1584d05fb1d4e9fe777ead218ac104497f5c978a7e8b7bc_640.jpg,class_8
ea37b90b2bf0013ed1584d05fb1d4e9fe777ead218ac104497f5c978a7ebb0bb_640.jpg,class_7
ea37b90b2dfd063ed1584d05fb1d4e9fe777ead218ac104497f5c978a6e8b0b1_640.jpg,class_8
ea37b90b2dfd083ed1584d05fb1d4e9fe777ead218ac104497f5c978a6e8b0b1_640.jpg,class_8
ea37b90b2ef4073ed1584d05fb1d4e9fe777ead218ac104497f5c978a6e8b0b1_640.jpg,class_3
ea37b90c20f0033ed1584d05fb1d4e9fe777ead218ac104497f5c978a7eebdbb_640.jpg,class_8
ea37b90c28f7083ed1584d05fb1d4e9fe777ead218ac104497f5c97faeebb5bb_640.jpg,class_8
ea37b90f2bf5083ed1584d05fb1d4e9fe777ead218ac104497f5c97faee9bdba_640.jpg,class_8
ea37b90f2bf6043ed1584d05fb1d4e9fe777ead218ac104497f5c97faee9bdba_640.jpg,class_8
ea37b90f2df0033ed1584d05fb1d4e9fe777ead218ac104497f5c978a7ebb0bb_640.jpg,class_8
ea37b90f2df2043ed1584d05fb1d4e9fe777ead218ac104497f5c978a7e8b7bc_640.jpg,class_4
ea37b90f2df2083ed1584d05fb1d4e9fe777ead218ac104497f5c978a7e8b7bc_640.jpg,class_8
ea37b90f2df2093ed1584d05fb1d4e9fe777ead218ac104497f5c978a7e8b7bc_640.jpg,class_8
ea37b90f2df6003ed1584d05fb1d4e9fe777ead218ac104497f5c978a7eebdbb_640.jpg,class_0
ea37b90f2df6043ed1584d05fb1d4e9fe777ead218ac104497f5c978a7ebb0bb_640.jpg,class_8
ea37b90f2df7013ed1584d05fb1d4e9fe777ead218ac104497f5c978a7e8b7bc_640.jpg,class_8
ea37b90f2df7063ed1584d05fb1d4e9fe777ead218ac104497f5c978a7e8b7bc_640.jpg,class_8
ea37b90f2df7073ed1584d05fb1d4e9fe777ead218ac104497f5c978a7ebb0bb_640.jpg,class_8
eb30b0092af1043ed1584d05fb1d4e9fe777ead218ac104497f5c978a4efbcb0_640.jpg,class_4
eb30b0092bf0003ed1584d05fb1d4e9fe777ead218ac104497f5c978a4efbcb0_640.jpg,class_8
eb30b20d20f4023ed1584d05fb1d4e9fe777ead218ac104497f5c978a4efbcb0_640.jpg,class_8
eb30b3082bf1033ed1584d05fb1d4e9fe777ead218ac104497f5c978a6ebb3bf_640.jpg,class_6
eb30b30920f3063ed1584d05fb1d4e9fe777ead218ac104497f5c97ca5ecb5b1_640.jpg,class_5
eb30b30b21f1073ed1584d05fb1d4e9fe777ead218ac104497f5c978a6ebb3bf_640.jpg,class_8
eb30b5062ef3043ed1584d05fb1d4e9fe777ead218ac104497f5c97faeebb5bb_640.jpg,class_8
eb30b50a20f7093ed1584d05fb1d4e9fe777ead218ac104497f5c978a6ebb3bf_640.jpg,class_8
eb30b50a2dfc043ed1584d05fb1d4e9fe777ead218ac104497f5c978a4eebdbd_640.jpg,class_8
eb30b50e21f4063ed1584d05fb1d4e9fe777ead218ac104497f5c978a4efbcb0_640.jpg,class_8
eb30b6082ff0083ed1584d05fb1d4e9fe777ead218ac104497f5c978a4efbcb0_640.jpg,class_8
eb30b70d28fd013ed1584d05fb1d4e9fe777ead218ac104497f5c978a6eab2b0_640.jpg,class_8
eb30b90d29fc043ed1584d05fb1d4e9fe777ead218ac104497f5c978a4efbcb0_640.jpg,class_8
eb30b90f20fc073ed1584d05fb1d4e9fe777ead218ac104497f5c978a4eebdbd_640.jpg,class_6
eb31b0092af01c22d2524518b7444f92e37fe5d404b0144390f8c07aa5ecb6_640.jpg,class_8
eb31b00e21fd043ed1584d05fb1d4e9fe777ead218ac104497f5c97ca5ecb3b9_640.jpg,class_8
eb31b10c2df1083ed1584d05fb1d4e9fe777ead218ac104497f5c978a6eab2b0_640.jpg,class_8
eb31b10e2ff7013ed1584d05fb1d4e9fe777ead218ac104497f5c978a6eab2b0_640.jpg,class_8
eb31b20a28f6003ed1584d05fb1d4e9fe777ead218ac104497f5c978a7ebb0bb_640.jpg,class_4
eb31b30c29f2043ed1584d05fb1d4e9fe777ead218ac104497f5c978a6eab2b0_640.jpg,class_8
eb31b30f29f3063ed1584d05fb1d4e9fe777ead218ac104497f5c978a6ebb3bf_640.jpg,class_8
eb31b40c2bf4033ed1584d05fb1d4e9fe777ead218ac104497f5c978a6ebb3bf_640.jpg,class_8
eb31b40d2ff0023ed1584d05fb1d4e9fe777ead218ac104497f5c978a4efbcb0_640.jpg,class_8
eb31b40d2ff7093ed1584d05fb1d4e9fe777ead218ac104497f5c978a4eebdbd_640.jpg,class_8
eb31b40e2cf6003ed1584d05fb1d4e9fe777ead218ac104497f5c97ca5ecb3b9_640.jpg,class_8
eb31b40e2cf6013ed1584d05fb1d4e9fe777ead218ac104497f5c97ca5ecb3b9_640.jpg,class_8
eb31b40e2ffc033ed1584d05fb1d4e9fe777ead218ac104497f5c978a4eebdbd_640.jpg,class_8
eb31b50d2af0053ed1584d05fb1d4e9fe777ead218ac104497f5c97faeebb5bb_640.jpg,class_8
eb31b60a2af4023ed1584d05fb1d4e9fe777ead218ac104497f5c978a6eab2b0_640.jpg,class_8
eb31b60e2afc053ed1584d05fb1d4e9fe777ead218ac104497f5c978a4efbcb0_640.jpg,class_8
eb31b7062bf71c22d2524518b7444f92e37fe5d404b0144390f8c079a1e8b6_640.jpg,class_0
eb31b8062ff2063ed1584d05fb1d4e9fe777ead218ac104497f5c978a6eab2b0_640.jpg,class_0
eb31b80e20f1093ed1584d05fb1d4e9fe777ead218ac104497f5c97ca5ecb5b1_640.jpg,class_8
eb31b80e20f2083ed1584d05fb1d4e9fe777ead218ac104497f5c97ca5ecb5b1_640.jpg,class_8
eb31b90e2bf7033ed1584d05fb1d4e9fe777ead218ac104497f5c978a4efbcb0_640.jpg,class_8
eb32b1072cf4093ed1584d05fb1d4e9fe777ead218ac104497f5c97ca5ecb5b1_640.jpg,class_8
eb32b1072cfc043ed1584d05fb1d4e9fe777ead218ac104497f5c97ca5ecb3b9_640.jpg,class_3
eb32b20a2ff21c22d2524518b7444f92e37fe5d404b0144390f8c47ba7ebb0_640.jpg,class_8
eb32b20c2afc053ed1584d05fb1d4e9fe777ead218ac104497f5c978a6ebb3bf_640.jpg,class_8
eb32b20d20f1003ed1584d05fb1d4e9fe777ead218ac104497f5c978a4eebdbd_640.jpg,class_8
eb32b20e2afc043ed1584d05fb1d4e9fe777ead218ac104497f5c97ca5ecb5b1_640.jpg,class_8
eb32b20e2cf0093ed1584d05fb1d4e9fe777ead218ac104497f5c97ca5ecb3b9_640.jpg,class_5
eb32b20e2cfd003ed1584d05fb1d4e9fe777ead218ac104497f5c97ca5ecb3b9_640.jpg,class_8
eb32b20e2cfd023ed1584d05fb1d4e9fe777ead218ac104497f5c97ca5ecb3b9_640.jpg,class_8
eb32b3062cf5043ed1584d05fb1d4e9fe777ead218ac104497f5c978a4efb4bb_640.jpg,class_8
eb32b3082ef1053ed1584d05fb1d4e9fe777ead218ac104497f5c978a4efbcb0_640.jpg,class_8
eb32b30c2af7003ed1584d05fb1d4e9fe777ead218ac104497f5c97ca5ecb5b1_640.jpg,class_8
eb32b30d28f3023ed1584d05fb1d4e9fe777ead218ac104497f5c978a6ebb3bf_640.jpg,class_4
eb32b50d28f1083ed1584d05fb1d4e9fe777ead218ac104497f5c978a4eebdbd_640.jpg,class_5
eb32b50f20fd063ed1584d05fb1d4e9fe777ead218ac104497f5c97ca5ecb5b1_640.jpg,class_8
eb32b50f21fd063ed1584d05fb1d4e9fe777ead218ac104497f5c97ca5edb3bd_640.jpg,class_8
eb32b60c20f0093ed1584d05fb1d4e9fe777ead218ac104497f5c97faee8b1b8_640.jpg,class_8
eb32b60d2ef4013ed1584d05fb1d4e9fe777ead218ac104497f5c97ca5ecb5b1_640.jpg,class_8
eb32b60e21fc063ed1584d05fb1d4e9fe777ead218ac104497f5c97faeebb5bb_640.jpg,class_9
eb32b7092af1023ed1584d05fb1d4e9fe777ead218ac104497f5c978a7ebb0bb_640.jpg,class_3
eb32b7092ef4063ed1584d05fb1d4e9fe777ead218ac104497f5c97ca5ecb3b9_640.jpg,class_8
eb32b70c29f5013ed1584d05fb1d4e9fe777ead218ac104497f5c978a6ebb3bf_640.jpg,class_8
eb32b70d29f1073ed1584d05fb1d4e9fe777ead218ac104497f5c978a7ebb0bb_640.jpg,class_5
eb32b80628f4073ed1584d05fb1d4e9fe777ead218ac104497f5c97ca5ecb3b9_640.jpg,class_8
eb32b80721f6033ed1584d05fb1d4e9fe777ead218ac104497f5c978a4eebdbd_640.jpg,class_8
eb32b80721f7003ed1584d05fb1d4e9fe777ead218ac104497f5c978a4eebdbd_640.jpg,class_8
eb32b8082cf4003ed1584d05fb1d4e9fe777ead218ac104497f5c978a7ebb0bb_640.jpg,class_8
eb32b8092df5003ed1584d05fb1d4e9fe777ead218ac104497f5c978a4efb4bb_640.jpg,class_8
eb32b90d2af7083ed1584d05fb1d4e9fe777ead218ac104497f5c97ca5ecb3b9_640.jpg,class_3
eb32b90f28f0053ed1584d05fb1d4e9fe777ead218ac104497f5c978a7ebb0bb_640.jpg,class_4
eb32b90f2bf0013ed1584d05fb1d4e9fe777ead218ac104497f5c978a6eab2b0_640.jpg,class_8
eb32b90f2df7063ed1584d05fb1d4e9fe777ead218ac104497f5c978a7ebb0bb_640.jpg,class_8
eb33b00f29f0003ed1584d05fb1d4e9fe777ead218ac104497f5c978a6eab2b0_640.jpg,class_8
eb33b2082bf5083ed1584d05fb1d4e9fe777ead218ac104497f5c978a4efb4bb_640.jpg,class_7
eb33b2082bf6003ed1584d05fb1d4e9fe777ead218ac104497f5c978a4efbcb0_640.jpg,class_4
eb33b20b2bf7093ed1584d05fb1d4e9fe777ead218ac104497f5c97ca5edb3bd_640.jpg,class_8
eb33b20d2dfc043ed1584d05fb1d4e9fe777ead218ac104497f5c978a4eebdbd_640.jpg,class_0
eb33b20e2df7003ed1584d05fb1d4e9fe777ead218ac104497f5c978a6ebb3bf_640.jpg,class_8
eb33b30a2bf0063ed1584d05fb1d4e9fe777ead218ac104497f5c978a6e8b0b1_640.jpg,class_3
eb33b5062cf4083ed1584d05fb1d4e9fe777ead218ac104497f5c978a6eab2b0_640.jpg,class_4
eb33b5062df2003ed1584d05fb1d4e9fe777ead218ac104497f5c978a4eebdbd_640.jpg,class_8
eb33b5062df3073ed1584d05fb1d4e9fe777ead218ac104497f5c978a4eebdbd_640.jpg,class_8
eb33b50721f5023ed1584d05fb1d4e9fe777ead218ac104497f5c97ca5ecb3b9_640.jpg,class_8
eb33b50828f5013ed1584d05fb1d4e9fe777ead218ac104497f5c978a4efbcb0_640.jpg,class_0
eb33b50e29f3033ed1584d05fb1d4e9fe777ead218ac104497f5c978a6e8b0b1_640.jpg,class_3
eb33b50e2af5073ed1584d05fb1d4e9fe777ead218ac104497f5c978a6e8b0b1_640.jpg,class_5
eb33b6092ef6093ed1584d05fb1d4e9fe777ead218ac104497f5c978a6e8b0b1_640.jpg,class_8
eb33b60c21f3073ed1584d05fb1d4e9fe777ead218ac104497f5c978a6ebb3bf_640.jpg,class_8
eb33b60e21f4023ed1584d05fb1d4e9fe777ead218ac104497f5c978a7eebdbb_640.jpg,class_8
eb33b7072af0073ed1584d05fb1d4e9fe777ead218ac104497f5c978a4efbcb0_640.jpg,class_8
eb33b70828f1043ed1584d05fb1d4e9fe777ead218ac104497f5c978a4efbcb0_640.jpg,class_8
eb33b70828f3013ed1584d05fb1d4e9fe777ead218ac104497f5c978a4efbcb0_640.jpg,class_8
eb33b7082af7073ed1584d05fb1d4e9fe777ead218ac104497f5c97ca5ecb3b9_640.jpg,class_8
eb33b7092af2003ed1584d05fb1d4e9fe777ead218ac104497f5c97ca5ecb3b9_640.jpg,class_8
eb33b7092af6053ed1584d05fb1d4e9fe777ead218ac104497f5c978a4eebdbd_640.jpg,class_8
eb33b70c2bf3043ed1584d05fb1d4e9fe777ead218ac104497f5c978a4efbcb0_640.jpg,class_3
eb33b8082ff0083ed1584d05fb1d4e9fe777ead218ac104497f5c97ca5ecb5b1_640.jpg,class_8
eb33b80a2ff4053ed1584d05fb1d4e9fe777ead218ac104497f5c978a4efbcb0_640.jpg,class_0
eb33b9072bf3033ed1584d05fb1d4e9fe777ead218ac104497f5c97ca5ecb3b9_640.jpg,class_8
eb33b90921f0013ed1584d05fb1d4e9fe777ead218ac104497f5c978a4eebdbd_640.jpg,class_8
eb33b9092bfd003ed1584d05fb1d4e9fe777ead218ac104497f5c978a6e8b0b1_640.jpg,class_8
eb33b9092bfd093ed1584d05fb1d4e9fe777ead218ac104497f5c978a6e8b0b1_640.jpg,class_8
eb33b9092cf6073ed1584d05fb1d4e9fe777ead218ac104497f5c978a6e8b0b1_640.jpg,class_4
eb34b00b2cf1003ed1584d05fb1d4e9fe777ead218ac104497f5c978a4eebdbd_640.jpg,class_8
eb34b10720f1043ed1584d05fb1d4e9fe777ead218ac104497f5c978a4efbcb0_640.jpg,class_8
eb34b10721f3013ed1584d05fb1d4e9fe777ead218ac104497f5c978a4eebdbd_640.jpg,class_7
eb34b10f2bfd073ed1584d05fb1d4e9fe777ead218ac104497f5c978a6ebb3bf_640.jpg,class_4
eb34b20829f0053ed1584d05fb1d4e9fe777ead218ac104497f5c978a6ebb3bf_640.jpg,class_8
eb34b30a2bf4073ed1584d05fb1d4e9fe777ead218ac104497f5c978a6ebb3bf_640.jpg,class_8
eb34b40f2ef6073ed1584d05fb1d4e9fe777ead218ac104497f5c978a6ebb3bf_640.jpg,class_8
eb34b40f2ef6083ed1584d05fb1d4e9fe777ead218ac104497f5c978a6ebb3bf_640.jpg,class_8
eb34b40f2ef7003ed1584d05fb1d4e9fe777ead218ac104497f5c978a6ebb3bf_640.jpg,class_8
eb34b50820f5033ed1584d05fb1d4e9fe777ead218ac104497f5c97faeebb5bb_640.jpg,class_8
eb34b50921f2003ed1584d05fb1d4e9fe777ead218ac104497f5c978a6ebb3bf_640.jpg,class_8
eb34b70928fd083ed1584d05fb1d4e9fe777ead218ac104497f5c97faee8b1b8_640.jpg,class_8
eb34b7092efc023ed1584d05fb1d4e9fe777ead218ac104497f5c978a6ebb3bf_640.jpg,class_8
eb34b80f2ef2023ed1584d05fb1d4e9fe777ead218ac104497f5c97ca5ecb3b9_640.jpg,class_8
eb34b90b2efc033ed1584d05fb1d4e9fe777ead218ac104497f5c978a7eebdbb_640.jpg,class_8
eb35b00628f1063ed1584d05fb1d4e9fe777ead218ac104497f5c97faeebb5bb_640.jpg,class_8
eb35b1072bf7053ed1584d05fb1d4e9fe777ead218ac104497f5c97ca5ecb5b1_640.jpg,class_8
eb35b20a2cfc003ed1584d05fb1d4e9fe777ead218ac104497f5c978a4efb4bb_640.jpg,class_8
eb35b50921f01c22d2524518b7444f92e37fe5d404b0144390f8c078a2e8bc_640.jpg,class_8
eb35b50d20f7003ed1584d05fb1d4e9fe777ead218ac104497f5c978a4efb4bb_640.jpg,class_8
eb35b60a20f71c22d2524518b7444f92e37fe5d404b0144390f8c079a1e8b6_640.jpg,class_8
eb35b60f2ef6043ed1584d05fb1d4e9fe777ead218ac104497f5c978a4efb4bb_640.jpg,class_8
eb35b70c2dfd033ed1584d05fb1d4e9fe777ead218ac104497f5c978a4efbcb0_640.jpg,class_3
eb35b80a2ff3033ed1584d05fb1d4e9fe777ead218ac104497f5c978a4efbcb0_640.jpg,class_8
eb35b80e29f51c22d2524518b7444f92e37fe5d404b0144390f8c770a2e9b5_640.jpg,class_8
eb35b90620f1023ed1584d05fb1d4e9fe777ead218ac104497f5c978a4efb4bb_640.jpg,class_8
eb35b9062cf6043ed1584d05fb1d4e9fe777ead218ac104497f5c978a4efbcb0_640.jpg,class_0
eb35b90a2ff31c22d2524518b7444f92e37fe5d404b0144390f8c47ba7ebb0_640.jpg,class_8
eb36b00b2ff6013ed1584d05fb1d4e9fe777ead218ac104497f5c978a6ebb3bf_640.jpg,class_0
eb36b10e2df1043ed1584d05fb1d4e9fe777ead218ac104497f5c978a6ebb3bf_640.jpg,class_8
eb36b20c29fd083ed1584d05fb1d4e9fe777ead218ac104497f5c97ca5ecb5b1_640.jpg,class_8
eb36b40d2cf7063ed1584d05fb1d4e9fe777ead218ac104497f5c978a6eab2b0_640.jpg,class_4
eb36b40e21f4053ed1584d05fb1d4e9fe777ead218ac104497f5c97ca5ecb5b1_640.jpg,class_0
eb36b50c2ef4073ed1584d05fb1d4e9fe777ead218ac104497f5c978a6ebb3bf_640.jpg,class_8
eb36b6082ef3013ed1584d05fb1d4e9fe777ead218ac104497f5c978a4efbcb0_640.jpg,class_8
eb36b70620f1083ed1584d05fb1d4e9fe777ead218ac104497f5c978a6ebb3bf_640.jpg,class_8
eb37b00620f7073ed1584d05fb1d4e9fe777ead218ac104497f5c978a6e8b0b1_640.jpg,class_8
eb37b00929f2013ed1584d05fb1d4e9fe777ead218ac104497f5c978a6e8b0b1_640.jpg,class_6
eb37b00929f3073ed1584d05fb1d4e9fe777ead218ac104497f5c978a6eab2b0_640.jpg,class_8
eb37b00e28f5043ed1584d05fb1d4e9fe777ead218ac104497f5c978a6e8b0b1_640.jpg,class_8
eb37b20620e90021d85a5854ee454296eb70e3c818b413449df6c87fa7ee_640.jpg,class_8
eb37b2082bf5033ed1584d05fb1d4e9fe777ead218ac104497f5c978a6eab2b0_640.jpg,class_8
eb37b2082bf5093ed1584d05fb1d4e9fe777ead218ac104497f5c978a6ebb3bf_640.jpg,class_8
eb37b2082bf6053ed1584d05fb1d4e9fe777ead218ac104497f5c978a6eab2b0_640.jpg,class_8
eb37b20c2bf2093ed1584d05fb1d4e9fe777ead218ac104497f5c978a4efbcb0_640.jpg,class_8
eb37b30c2af3043ed1584d05fb1d4e9fe777ead218ac104497f5c978a6eab2b0_640.jpg,class_8
eb37b50628fc053ed1584d05fb1d4e9fe777ead218ac104497f5c978a6ebb3bf_640.jpg,class_8
eb37b50628fd093ed1584d05fb1d4e9fe777ead218ac104497f5c978a6ebb3bf_640.jpg,class_4
eb37b50b2ff61c22d2524518b7444f92e37fe5d404b0144390f8c770a2e9b5_640.jpg,class_8
eb37b50e2bf2013ed1584d05fb1d4e9fe777ead218ac104497f5c978a4efbcb0_640.jpg,class_8
eb37b70a28f5013ed1584d05fb1d4e9fe777ead218ac104497f5c97faee8b1b8_640.jpg,class_8
eb37b8072bf2073ed1584d05fb1d4e9fe777ead218ac104497f5c978a6ebb3bf_640.jpg,class_8
eb37b9092cf2093ed1584d05fb1d4e9fe777ead218ac104497f5c978a6ebb3bf_640.jpg,class_8
eb3cb00d20f3053ed1584d05fb1d4e9fe777ead218ac104497f5c978a6e8b0b1_640.jpg,class_8
eb3cb00f2afd073ed1584d05fb1d4e9fe777ead218ac104497f5c978a4eebdbd_640.jpg,class_8
eb3cb1072afc073ed1584d05fb1d4e9fe777ead218ac104497f5c978a7ebb0bb_640.jpg,class_8
eb3cb10820fd093ed1584d05fb1d4e9fe777ead218ac104497f5c978a6eab2b0_640.jpg,class_8
eb3cb1092af7003ed1584d05fb1d4e9fe777ead218ac104497f5c978a6e8b0b1_640.jpg,class_3
eb3cb10d2dfd083ed1584d05fb1d4e9fe777ead218ac104497f5c978a7ebb0bb_640.jpg,class_4
eb3cb20628f1053ed1584d05fb1d4e9fe777ead218ac104497f5c978a4eebdbd_640.jpg,class_8
eb3cb20728f3093ed1584d05fb1d4e9fe777ead218ac104497f5c97ca5ecb3b9_640.jpg,class_8
eb3cb20b2ff6013ed1584d05fb1d4e9fe777ead218ac104497f5c978a7eebdbb_640.jpg,class_0
eb3cb20c28f4053ed1584d05fb1d4e9fe777ead218ac104497f5c978a4eebdbd_640.jpg,class_8
eb3cb30c21f5023ed1584d05fb1d4e9fe777ead218ac104497f5c978a4efbcb0_640.jpg,class_6
eb3cb30c21f5033ed1584d05fb1d4e9fe777ead218ac104497f5c978a4efb4bb_640.jpg,class_0
eb3cb30c21f6043ed1584d05fb1d4e9fe777ead218ac104497f5c978a4efbcb0_640.jpg,class_8
eb3cb40b2afd033ed1584d05fb1d4e9fe777ead218ac104497f5c978a6ebb3bf_640.jpg,class_8
eb3cb40e2df7063ed1584d05fb1d4e9fe777ead218ac104497f5c978a6ebb3bf_640.jpg,class_0
eb3cb5072cf4053ed1584d05fb1d4e9fe777ead218ac104497f5c979aee4b1bf_640.jpg,class_4
eb3cb50b2df3043ed1584d05fb1d4e9fe777ead218ac104497f5c978a6e8b0b1_640.jpg,class_8
eb3cb60a2efc033ed1584d05fb1d4e9fe777ead218ac104497f5c978a4efbcb0_640.jpg,class_0
eb3cb70621f7033ed1584d05fb1d4e9fe777ead218ac104497f5c978a7e8b7bc_640.jpg,class_8
eb3cb70c28f1063ed1584d05fb1d4e9fe777ead218ac104497f5c978a7e8b7bc_640.jpg,class_8
eb3cb70f28f0053ed1584d05fb1d4e9fe777ead218ac104497f5c97ca5ecb5b1_640.jpg,class_8
eb3cb8062ef3053ed1584d05fb1d4e9fe777ead218ac104497f5c978a4eebdbd_640.jpg,class_8
eb3cb80d2ef1083ed1584d05fb1d4e9fe777ead218ac104497f5c978a6e8b0b1_640.jpg,class_8
eb3db00e2cfd033ed1584d05fb1d4e9fe777ead218ac104497f5c978a4efbcb0_640.jpg,class_8
eb3db00f2bfc023ed1584d05fb1d4e9fe777ead218ac104497f5c978a7e8b7bc_640.jpg,class_8
eb3db10629f0043ed1584d05fb1d4e9fe777ead218ac104497f5c978a4efbcb0_640.jpg,class_8
eb3db10828f0023ed1584d05fb1d4e9fe777ead218ac104497f5c978a7ebb0bb_640.jpg,class_3
eb3db10a28f1023ed1584d05fb1d4e9fe777ead218ac104497f5c978a6ebb3bf_640.jpg,class_8
eb3db10f29fc083ed1584d05fb1d4e9fe777ead218ac104497f5c978a6e8b0b1_640.jpg,class_4
eb3db2082dfc083ed1584d05fb1d4e9fe777ead218ac104497f5c97faee9bdba_640.jpg,class_8
eb3db20c2af3033ed1584d05fb1d4e9fe777ead218ac104497f5c978a4eebdbd_640.jpg,class_8
eb3db20f2df4013ed1584d05fb1d4e9fe777ead218ac104497f5c978a6eab2b0_640.jpg,class_3
eb3db3082bfc083ed1584d05fb1d4e9fe777ead218ac104497f5c97ca5ecb3b9_640.jpg,class_8
eb3db4062dfc073ed1584d05fb1d4e9fe777ead218ac104497f5c978a4efbcb0_640.jpg,class_5
eb3db40a21f4043ed1584d05fb1d4e9fe777ead218ac104497f5c978a6e8b0b1_640.jpg,class_8
eb3db40b2ef1053ed1584d05fb1d4e9fe777ead218ac104497f5c978a6eab2b0_640.jpg,class_8
eb3db40b2ef1073ed1584d05fb1d4e9fe777ead218ac104497f5c978a6e8b0b1_640.jpg,class_0
eb3db40d29f0003ed1584d05fb1d4e9fe777ead218ac104497f5c978a6ebb3bf_640.jpg,class_8
eb3db40d29f0073ed1584d05fb1d4e9fe777ead218ac104497f5c978a6ebb3bf_640.jpg,class_4
eb3db5072dfd083ed1584d05fb1d4e9fe777ead218ac104497f5c978a6eab2b0_640.jpg,class_8
eb3db5072ffc023ed1584d05fb1d4e9fe777ead218ac104497f5c978a7ebb0bb_640.jpg,class_3
eb3db50c29f1013ed1584d05fb1d4e9fe777ead218ac104497f5c97ca5ecb5b1_640.jpg,class_8
eb3db60d2af4053ed1584d05fb1d4e9fe777ead218ac104497f5c978a6ebb3bf_640.jpg,class_8
eb3db60d2ff6013ed1584d05fb1d4e9fe777ead218ac104497f5c978a4eebdbd_640.jpg,class_0
eb3db60e2cf3073ed1584d05fb1d4e9fe777ead218ac104497f5c978a4eebdbd_640.jpg,class_8
eb3db60f2ff3063ed1584d05fb1d4e9fe777ead218ac104497f5c978a4efb4bb_640.jpg,class_8
eb3db7062ffd033ed1584d05fb1d4e9fe777ead218ac104497f5c97faee8b1b8_640.jpg,class_3
eb3db70a2cf6093ed1584d05fb1d4e9fe777ead218ac104497f5c97ca5ecb3b9_640.jpg,class_8
eb3db8062bf1083ed1584d05fb1d4e9fe777ead218ac104497f5c978a6eab2b0_640.jpg,class_8
eb3db8062df5063ed1584d05fb1d4e9fe777ead218ac104497f5c97faeebb5bb_640.jpg,class_8
eb3db8092bfd093ed1584d05fb1d4e9fe777ead218ac104497f5c978a4eebdbd_640.jpg,class_8
eb3db80b2cfc033ed1584d05fb1d4e9fe777ead218ac104497f5c978a4efb4bb_640.jpg,class_0
eb3db80e2bf01c22d2524518b7444f92e37fe5d404b0144390f8c07aa5ecb6_640.jpg,class_8
eb3db80f2dfc023ed1584d05fb1d4e9fe777ead218ac104497f5c978a6eab2b0_640.jpg,class_8
eb3db9062bf7073ed1584d05fb1d4e9fe777ead218ac104497f5c97ca5ecb5b1_640.jpg,class_8
ec30b90729f01c22d2524518b7444f92e37fe5d404b0144390f8c47ba6ebb4_640.jpg,class_8
ec31b20a2bf31c22d2524518b7444f92e37fe5d404b0144390f8c47ba6ebb4_640.jpg,class_8
ec31b9082ce90021d85a5854ee454296eb70e3c818b413449df6c87ca3ed_640.jpg,class_8
ec32b0082df51c22d2524518b7444f92e37fe5d404b0144390f8c770a1edb6_640.jpg,class_3
ec32b1062afd1c22d2524518b7444f92e37fe5d404b0144390f8c47ba6edbc_640.jpg,class_8
ec33b30f2af41c22d2524518b7444f92e37fe5d404b0144390f8c47ba6ebb4_640.jpg,class_3
ec33b30f2ffc1c22d2524518b7444f92e37fe5d404b0144390f8c47ba7ebb0_640.jpg,class_8
ec33b50a2ef01c22d2524518b7444f92e37fe5d404b0144390f8c770a2e9b5_640.jpg,class_8
ec34b90e20f21c22d2524518b7444f92e37fe5d404b0144390f8c07aa5ecb6_640.jpg,class_4
ec35b10f29f01c22d2524518b7444f92e37fe5d404b0144390f8c47ba6ebb4_640.jpg,class_8
ec3cb10f2af41c22d2524518b7444f92e37fe5d404b0144390f8c07aa5ecb6_640.jpg,class_8
ed30b90621f41c22d2524518b7444f92e37fe5d404b0144390f8c07aa5e4bd_640.jpg,class_8
ed31b9072ae90021d85a5854ee454296eb70e3c818b413449df6c87ca3ed_640.jpg,class_8
ed33b50f2ff21c22d2524518b7444f92e37fe5d404b0144390f8c770a1edb6_640.jpg,class_8
ed34b80929f71c22d2524518b7444f92e37fe5d404b0144390f8c07aa5ecb6_640.jpg,class_4
ed35b9082cf21c22d2524518b7444f92e37fe5d404b0144390f8c079a2efb1_640.jpg,class_8
ed36b90a28f61c22d2524518b7444f92e37fe5d404b0144390f8c07aa4e5b0_640.jpg,class_4
ed37b60e2bfc1c22d2524518b7444f92e37fe5d404b0144390f8c07aa5ecb6_640.jpg,class_0
ed37b80b20f11c22d2524518b7444f92e37fe5d404b0144390f8c47ba6edbc_640.jpg,class_8
ee31b20a2cfd1c22d2524518b7444f92e37fe5d404b0144390f8c770a3e5b7_640.jpg,class_8
ee32b90c29f11c22d2524518b7444f92e37fe5d404b0144390f8c079a4e5b6_640.jpg,class_5
ee36b5092df01c22d2524518b7444f92e37fe5d404b0144390f8c770a2e9b5_640.jpg,class_8
ee3cb70b2bf31c22d2524518b7444f92e37fe5d404b0144390f8c079a2efb1_640.jpg,class_8
ef32b20b2de90021d85a5854ee454296eb70e3c818b413449df1c17ca5e9_640.jpg,class_0
ef32b60929e90021d85a5854ee454296eb70e3c818b413449df5c378a7e4_640.jpg,class_5
ef34b00e2ef31c22d2524518b7444f92e37fe5d404b0144390f8c770a2e9b5_640.jpg,class_4
ef34b60c28f11c22d2524518b7444f92e37fe5d404b0144390f8c079a1e8b6_640.jpg,class_4
ef37b90828e90021d85a5854ee454296eb70e3c818b413449df5c379a1e8_640.jpg,class_8
ef3db70728f71c22d2524518b7444f92e37fe5d404b0144390f8c079a2efb1_640.jpg,class_8
erik-jan-leusink-180382-unsplash.jpg,class_8
erik-jan-leusink-378147-unsplash.jpg,class_8
erik-jan-leusink-427699-unsplash.jpg,class_5
freddie-marriage-40645-unsplash.jpg,class_8
hannah-troupe-349131-unsplash.jpg,class_8
jose-ros-photo-388605-unsplash.jpg,class_8
kamonnat-onnom-106416-unsplash.jpg,class_8
kevin-knezic-254586-unsplash.jpg,class_8
kristin-lopez-416908-unsplash.jpg,class_5
lucija-ros-538675-unsplash.jpg,class_8
ludemeula-fernandes-451948-unsplash.jpg,class_0
max-boettinger-486490-unsplash.jpg,class_8
mikhail-vasilyev-130018-unsplash.jpg,class_8
mikhail-vasilyev-34524-unsplash.jpg,class_8
